-- MySQL dump 10.13  Distrib 8.0.25, for Win64 (x86_64)
--
-- Host: localhost    Database: qlct
-- ------------------------------------------------------
-- Server version	8.0.25

/*!40101 SET @OLD_CHARACTER_SET_CLIENT=@@CHARACTER_SET_CLIENT */;
/*!40101 SET @OLD_CHARACTER_SET_RESULTS=@@CHARACTER_SET_RESULTS */;
/*!40101 SET @OLD_COLLATION_CONNECTION=@@COLLATION_CONNECTION */;
/*!50503 SET NAMES utf8 */;
/*!40103 SET @OLD_TIME_ZONE=@@TIME_ZONE */;
/*!40103 SET TIME_ZONE='+00:00' */;
/*!40014 SET @OLD_UNIQUE_CHECKS=@@UNIQUE_CHECKS, UNIQUE_CHECKS=0 */;
/*!40014 SET @OLD_FOREIGN_KEY_CHECKS=@@FOREIGN_KEY_CHECKS, FOREIGN_KEY_CHECKS=0 */;
/*!40101 SET @OLD_SQL_MODE=@@SQL_MODE, SQL_MODE='NO_AUTO_VALUE_ON_ZERO' */;
/*!40111 SET @OLD_SQL_NOTES=@@SQL_NOTES, SQL_NOTES=0 */;

--
-- Table structure for table `gioihanchitieu`
--

DROP TABLE IF EXISTS `gioihanchitieu`;
/*!40101 SET @saved_cs_client     = @@character_set_client */;
/*!50503 SET character_set_client = utf8mb4 */;
CREATE TABLE `gioihanchitieu` (
  `maGioiHan` varchar(6) NOT NULL,
  `tenDangNhap` varchar(20) DEFAULT NULL,
  `gioiHan` int DEFAULT NULL,
  `tongChiTieuThang` double DEFAULT NULL,
  PRIMARY KEY (`maGioiHan`),
  KEY `tenDangNhap` (`tenDangNhap`),
  CONSTRAINT `gioihanchitieu_ibfk_1` FOREIGN KEY (`tenDangNhap`) REFERENCES `nguoidung` (`tenDangNhap`)
) ENGINE=InnoDB DEFAULT CHARSET=utf8mb4 COLLATE=utf8mb4_0900_ai_ci;
/*!40101 SET character_set_client = @saved_cs_client */;

--
-- Dumping data for table `gioihanchitieu`
--

LOCK TABLES `gioihanchitieu` WRITE;
/*!40000 ALTER TABLE `gioihanchitieu` DISABLE KEYS */;
INSERT INTO `gioihanchitieu` VALUES ('gh00','admin',0,0),('gh01','anhkhoa',0,0),('gh02','thebao',0,0),('gh03','huuphu',0,0),('gh04','dangkhoa',9000000,0);
/*!40000 ALTER TABLE `gioihanchitieu` ENABLE KEYS */;
UNLOCK TABLES;

--
-- Table structure for table `loaichitieu`
--

DROP TABLE IF EXISTS `loaichitieu`;
/*!40101 SET @saved_cs_client     = @@character_set_client */;
/*!50503 SET character_set_client = utf8mb4 */;
CREATE TABLE `loaichitieu` (
  `maLoaiChiTieu` int NOT NULL,
  `tenloaiChiTieu` varchar(10) DEFAULT NULL,
  PRIMARY KEY (`maLoaiChiTieu`)
) ENGINE=InnoDB DEFAULT CHARSET=utf8mb4 COLLATE=utf8mb4_0900_ai_ci;
/*!40101 SET character_set_client = @saved_cs_client */;

--
-- Dumping data for table `loaichitieu`
--

LOCK TABLES `loaichitieu` WRITE;
/*!40000 ALTER TABLE `loaichitieu` DISABLE KEYS */;
INSERT INTO `loaichitieu` VALUES (1,'Dich vu'),(2,'Hang hoa'),(3,'Do an');
/*!40000 ALTER TABLE `loaichitieu` ENABLE KEYS */;
UNLOCK TABLES;

--
-- Table structure for table `nguoidung`
--

DROP TABLE IF EXISTS `nguoidung`;
/*!40101 SET @saved_cs_client     = @@character_set_client */;
/*!50503 SET character_set_client = utf8mb4 */;
CREATE TABLE `nguoidung` (
  `tenDangNhap` varchar(20) NOT NULL,
  `matKhau` varchar(20) DEFAULT NULL,
  PRIMARY KEY (`tenDangNhap`)
) ENGINE=InnoDB DEFAULT CHARSET=utf8mb4 COLLATE=utf8mb4_0900_ai_ci;
/*!40101 SET character_set_client = @saved_cs_client */;

--
-- Dumping data for table `nguoidung`
--

LOCK TABLES `nguoidung` WRITE;
/*!40000 ALTER TABLE `nguoidung` DISABLE KEYS */;
INSERT INTO `nguoidung` VALUES ('admin','1234'),('anhkhoa','2356'),('dangkhoa','0502'),('huuphu','4567'),('thebao','8901');
/*!40000 ALTER TABLE `nguoidung` ENABLE KEYS */;
UNLOCK TABLES;

--
-- Table structure for table `thongtinchitieu`
--

DROP TABLE IF EXISTS `thongtinchitieu`;
/*!40101 SET @saved_cs_client     = @@character_set_client */;
/*!50503 SET character_set_client = utf8mb4 */;
CREATE TABLE `thongtinchitieu` (
  `maChiTieu` varchar(6) NOT NULL,
  `tenDangNhap` varchar(20) NOT NULL,
  `maTieuDung` varchar(6) NOT NULL,
  `luongTien` double DEFAULT NULL,
  `ngayChi` date DEFAULT NULL,
  PRIMARY KEY (`maChiTieu`,`tenDangNhap`,`maTieuDung`),
  KEY `tenDangNhap` (`tenDangNhap`),
  KEY `maTieuDung` (`maTieuDung`),
  CONSTRAINT `thongtinchitieu_ibfk_1` FOREIGN KEY (`tenDangNhap`) REFERENCES `nguoidung` (`tenDangNhap`),
  CONSTRAINT `thongtinchitieu_ibfk_2` FOREIGN KEY (`maTieuDung`) REFERENCES `tieudung` (`maTieuDung`)
) ENGINE=InnoDB DEFAULT CHARSET=utf8mb4 COLLATE=utf8mb4_0900_ai_ci;
/*!40101 SET character_set_client = @saved_cs_client */;

--
-- Dumping data for table `thongtinchitieu`
--

LOCK TABLES `thongtinchitieu` WRITE;
/*!40000 ALTER TABLE `thongtinchitieu` DISABLE KEYS */;
INSERT INTO `thongtinchitieu` VALUES ('ct0001','huuphu','td0001',0,'2021-12-24'),('ct0001','huuphu','td0002',0,'2021-12-24'),('ct0001','huuphu','td0003',0,'2021-12-24'),('ct0001','huuphu','td0004',0,'2021-12-24'),('ct0001','huuphu','td0005',0,'2021-12-24'),('ct0001','huuphu','td0006',0,'2021-12-24'),('ct0001','huuphu','td0007',0,'2021-12-24'),('ct0001','huuphu','td0008',0,'2021-12-24'),('ct0001','huuphu','td0009',0,'2021-12-24'),('ct0001','huuphu','td0010',0,'2021-12-24'),('ct0001','huuphu','td0011',0,'2021-12-24'),('ct0001','huuphu','td0012',0,'2021-12-24'),('ct0001','huuphu','td0013',0,'2021-12-24'),('ct0001','huuphu','td0014',0,'2021-12-24'),('ct0001','huuphu','td0015',0,'2021-12-24'),('ct0002','anhkhoa','td0016',0,'2021-12-20'),('ct0002','anhkhoa','td0017',0,'2021-12-20'),('ct0002','anhkhoa','td0018',0,'2021-12-20'),('ct0002','anhkhoa','td0019',0,'2021-12-20'),('ct0002','anhkhoa','td0020',0,'2021-12-20'),('ct0002','anhkhoa','td0021',0,'2021-12-20'),('ct0002','anhkhoa','td0022',0,'2021-12-20'),('ct0002','anhkhoa','td0023',0,'2021-12-20'),('ct0003','huuphu','td0024',0,'2021-10-09'),('ct0003','huuphu','td0025',0,'2021-10-09'),('ct0003','huuphu','td0026',0,'2021-10-09'),('ct0003','huuphu','td0027',0,'2021-10-09'),('ct0003','huuphu','td0028',0,'2021-10-09'),('ct0003','huuphu','td0029',0,'2021-10-09'),('ct0004','admin','td0030',0,'2021-10-02'),('ct0004','admin','td0031',0,'2021-10-02'),('ct0004','admin','td0032',0,'2021-10-02'),('ct0004','admin','td0033',0,'2021-10-02'),('ct0004','admin','td0034',0,'2021-10-02'),('ct0004','admin','td0035',0,'2021-10-02'),('ct0004','admin','td0036',0,'2021-10-02'),('ct0005','thebao','td0037',0,'2021-09-25'),('ct0005','thebao','td0038',0,'2021-09-25'),('ct0005','thebao','td0039',0,'2021-09-25'),('ct0005','thebao','td0040',0,'2021-09-25'),('ct0005','thebao','td0041',0,'2021-09-25'),('ct0005','thebao','td0042',0,'2021-09-25'),('ct0005','thebao','td0043',0,'2021-09-25'),('ct0005','thebao','td0044',0,'2021-09-25'),('ct0005','thebao','td0045',0,'2021-09-25'),('ct0005','thebao','td0046',0,'2021-09-25'),('ct0005','thebao','td0047',0,'2021-09-25'),('ct0005','thebao','td0048',0,'2021-09-25'),('ct0005','thebao','td0049',0,'2021-09-25'),('ct0006','thebao','td0050',0,'2021-12-05'),('ct0006','thebao','td0051',0,'2021-12-05'),('ct0006','thebao','td0052',0,'2021-12-05'),('ct0006','thebao','td0053',0,'2021-12-05'),('ct0006','thebao','td0054',0,'2021-12-05'),('ct0006','thebao','td0055',0,'2021-12-05'),('ct0006','thebao','td0056',0,'2021-12-05'),('ct0006','thebao','td0057',0,'2021-12-05'),('ct0007','admin','td0058',0,'2021-11-05'),('ct0007','admin','td0059',0,'2021-11-05'),('ct0007','admin','td0060',0,'2021-11-05'),('ct0007','admin','td0061',0,'2021-11-05'),('ct0008','anhkhoa','td0062',0,'2021-12-11'),('ct0008','anhkhoa','td0063',0,'2021-12-11'),('ct0008','anhkhoa','td0064',0,'2021-12-11'),('ct0008','anhkhoa','td0065',0,'2021-12-11'),('ct0008','anhkhoa','td0066',0,'2021-12-11'),('ct0008','anhkhoa','td0067',0,'2021-12-11'),('ct0008','anhkhoa','td0068',0,'2021-12-11'),('ct0008','anhkhoa','td0069',0,'2021-12-11'),('ct0008','anhkhoa','td0070',0,'2021-12-11'),('ct0008','anhkhoa','td0071',0,'2021-12-11'),('ct0008','anhkhoa','td0072',0,'2021-12-11'),('ct0008','anhkhoa','td0073',0,'2021-12-11'),('ct0008','anhkhoa','td0074',0,'2021-12-11'),('ct0008','anhkhoa','td0075',0,'2021-12-11'),('ct0008','anhkhoa','td0076',0,'2021-12-11'),('ct0009','thebao','td0077',0,'2021-07-31'),('ct0009','thebao','td0078',0,'2021-07-31'),('ct0009','thebao','td0079',0,'2021-07-31'),('ct0009','thebao','td0080',0,'2021-07-31'),('ct0009','thebao','td0081',0,'2021-07-31'),('ct0010','thebao','td0082',0,'2021-07-26'),('ct0010','thebao','td0083',0,'2021-07-26'),('ct0010','thebao','td0084',0,'2021-07-26'),('ct0011','huuphu','td0085',0,'2021-10-09'),('ct0011','huuphu','td0086',0,'2021-10-09'),('ct0011','huuphu','td0087',0,'2021-10-09'),('ct0011','huuphu','td0088',0,'2021-10-09'),('ct0012','admin','td0089',0,'2021-07-06'),('ct0012','admin','td0090',0,'2021-07-06'),('ct0012','admin','td0091',0,'2021-07-06'),('ct0012','admin','td0092',0,'2021-07-06'),('ct0012','admin','td0093',0,'2021-07-06'),('ct0012','admin','td0094',0,'2021-07-06'),('ct0012','admin','td0095',0,'2021-07-06'),('ct0012','admin','td0096',0,'2021-07-06'),('ct0012','admin','td0097',0,'2021-07-06'),('ct0012','admin','td0098',0,'2021-07-06'),('ct0012','admin','td0099',0,'2021-07-06'),('ct0012','admin','td0100',0,'2021-07-06'),('ct0012','admin','td0101',0,'2021-07-06'),('ct0012','admin','td0102',0,'2021-07-06'),('ct0012','admin','td0103',0,'2021-07-06'),('ct0013','anhkhoa','td0104',0,'2021-09-09'),('ct0013','anhkhoa','td0105',0,'2021-09-09'),('ct0013','anhkhoa','td0106',0,'2021-09-09'),('ct0013','anhkhoa','td0107',0,'2021-09-09'),('ct0013','anhkhoa','td0108',0,'2021-09-09'),('ct0013','anhkhoa','td0109',0,'2021-09-09'),('ct0013','anhkhoa','td0110',0,'2021-09-09'),('ct0013','anhkhoa','td0111',0,'2021-09-09'),('ct0013','anhkhoa','td0112',0,'2021-09-09'),('ct0013','anhkhoa','td0113',0,'2021-09-09'),('ct0014','huuphu','td0114',0,'2021-07-31'),('ct0014','huuphu','td0115',0,'2021-07-31'),('ct0014','huuphu','td0116',0,'2021-07-31'),('ct0014','huuphu','td0117',0,'2021-07-31'),('ct0014','huuphu','td0118',0,'2021-07-31'),('ct0014','huuphu','td0119',0,'2021-07-31'),('ct0014','huuphu','td0120',0,'2021-07-31'),('ct0014','huuphu','td0121',0,'2021-07-31'),('ct0014','huuphu','td0122',0,'2021-07-31'),('ct0014','huuphu','td0123',0,'2021-07-31'),('ct0014','huuphu','td0124',0,'2021-07-31'),('ct0015','thebao','td0125',0,'2021-08-23'),('ct0015','thebao','td0126',0,'2021-08-23'),('ct0015','thebao','td0127',0,'2021-08-23'),('ct0015','thebao','td0128',0,'2021-08-23'),('ct0015','thebao','td0129',0,'2021-08-23'),('ct0015','thebao','td0130',0,'2021-08-23'),('ct0015','thebao','td0131',0,'2021-08-23'),('ct0015','thebao','td0132',0,'2021-08-23'),('ct0015','thebao','td0133',0,'2021-08-23'),('ct0015','thebao','td0134',0,'2021-08-23'),('ct0015','thebao','td0135',0,'2021-08-23'),('ct0015','thebao','td0136',0,'2021-08-23'),('ct0015','thebao','td0137',0,'2021-08-23'),('ct0016','anhkhoa','td0138',0,'2021-12-21'),('ct0016','anhkhoa','td0139',0,'2021-12-21'),('ct0016','anhkhoa','td0140',0,'2021-12-21'),('ct0016','anhkhoa','td0141',0,'2021-12-21'),('ct0016','anhkhoa','td0142',0,'2021-12-21'),('ct0016','anhkhoa','td0143',0,'2021-12-21'),('ct0016','anhkhoa','td0144',0,'2021-12-21'),('ct0016','anhkhoa','td0145',0,'2021-12-21'),('ct0016','anhkhoa','td0146',0,'2021-12-21'),('ct0016','anhkhoa','td0147',0,'2021-12-21'),('ct0016','anhkhoa','td0148',0,'2021-12-21'),('ct0016','anhkhoa','td0149',0,'2021-12-21'),('ct0016','anhkhoa','td0150',0,'2021-12-21'),('ct0016','anhkhoa','td0151',0,'2021-12-21'),('ct0016','anhkhoa','td0152',0,'2021-12-21'),('ct0016','anhkhoa','td0153',0,'2021-12-21'),('ct0017','admin','td0154',0,'2021-10-13'),('ct0017','admin','td0155',0,'2021-10-13'),('ct0017','admin','td0156',0,'2021-10-13'),('ct0017','admin','td0157',0,'2021-10-13'),('ct0017','admin','td0158',0,'2021-10-13'),('ct0017','admin','td0159',0,'2021-10-13'),('ct0017','admin','td0160',0,'2021-10-13'),('ct0018','dangkhoa','td0161',0,'2021-08-28'),('ct0018','dangkhoa','td0162',0,'2021-08-28'),('ct0018','dangkhoa','td0163',0,'2021-08-28'),('ct0018','dangkhoa','td0164',0,'2021-08-28'),('ct0018','dangkhoa','td0165',0,'2021-08-28'),('ct0018','dangkhoa','td0166',0,'2021-08-28'),('ct0018','dangkhoa','td0167',0,'2021-08-28'),('ct0018','dangkhoa','td0168',0,'2021-08-28'),('ct0018','dangkhoa','td0169',0,'2021-08-28'),('ct0018','dangkhoa','td0170',0,'2021-08-28'),('ct0018','dangkhoa','td0171',0,'2021-08-28'),('ct0019','dangkhoa','td0172',0,'2021-08-15'),('ct0019','dangkhoa','td0173',0,'2021-08-15'),('ct0019','dangkhoa','td0174',0,'2021-08-15'),('ct0019','dangkhoa','td0175',0,'2021-08-15'),('ct0019','dangkhoa','td0176',0,'2021-08-15'),('ct0019','dangkhoa','td0177',0,'2021-08-15'),('ct0019','dangkhoa','td0178',0,'2021-08-15'),('ct0019','dangkhoa','td0179',0,'2021-08-15'),('ct0019','dangkhoa','td0180',0,'2021-08-15'),('ct0019','dangkhoa','td0181',0,'2021-08-15'),('ct0019','dangkhoa','td0182',0,'2021-08-15'),('ct0020','anhkhoa','td0183',0,'2021-11-13'),('ct0020','anhkhoa','td0184',0,'2021-11-13'),('ct0020','anhkhoa','td0185',0,'2021-11-13'),('ct0020','anhkhoa','td0186',0,'2021-11-13'),('ct0020','anhkhoa','td0187',0,'2021-11-13'),('ct0020','anhkhoa','td0188',0,'2021-11-13'),('ct0020','anhkhoa','td0189',0,'2021-11-13'),('ct0020','anhkhoa','td0190',0,'2021-11-13'),('ct0020','anhkhoa','td0191',0,'2021-11-13'),('ct0020','anhkhoa','td0192',0,'2021-11-13'),('ct0020','anhkhoa','td0193',0,'2021-11-13'),('ct0020','anhkhoa','td0194',0,'2021-11-13'),('ct0020','anhkhoa','td0195',0,'2021-11-13'),('ct0020','anhkhoa','td0196',0,'2021-11-13'),('ct0021','thebao','td0197',0,'2021-12-04'),('ct0021','thebao','td0198',0,'2021-12-04'),('ct0021','thebao','td0199',0,'2021-12-04'),('ct0021','thebao','td0200',0,'2021-12-04'),('ct0021','thebao','td0201',0,'2021-12-04'),('ct0021','thebao','td0202',0,'2021-12-04'),('ct0021','thebao','td0203',0,'2021-12-04'),('ct0022','thebao','td0204',0,'2021-09-13'),('ct0022','thebao','td0205',0,'2021-09-13'),('ct0022','thebao','td0206',0,'2021-09-13'),('ct0022','thebao','td0207',0,'2021-09-13'),('ct0022','thebao','td0208',0,'2021-09-13'),('ct0022','thebao','td0209',0,'2021-09-13'),('ct0022','thebao','td0210',0,'2021-09-13'),('ct0022','thebao','td0211',0,'2021-09-13'),('ct0023','dangkhoa','td0212',0,'2021-12-23'),('ct0023','dangkhoa','td0213',0,'2021-12-23'),('ct0023','dangkhoa','td0214',0,'2021-12-23'),('ct0023','dangkhoa','td0215',0,'2021-12-23'),('ct0023','dangkhoa','td0216',0,'2021-12-23'),('ct0023','dangkhoa','td0217',0,'2021-12-23'),('ct0023','dangkhoa','td0218',0,'2021-12-23'),('ct0023','dangkhoa','td0219',0,'2021-12-23'),('ct0023','dangkhoa','td0220',0,'2021-12-23'),('ct0023','dangkhoa','td0221',0,'2021-12-23'),('ct0024','admin','td0222',0,'2021-12-06'),('ct0024','admin','td0223',0,'2021-12-06'),('ct0024','admin','td0224',0,'2021-12-06'),('ct0024','admin','td0225',0,'2021-12-06'),('ct0024','admin','td0226',0,'2021-12-06'),('ct0024','admin','td0227',0,'2021-12-06'),('ct0024','admin','td0228',0,'2021-12-06'),('ct0024','admin','td0229',0,'2021-12-06'),('ct0024','admin','td0230',0,'2021-12-06'),('ct0024','admin','td0231',0,'2021-12-06'),('ct0024','admin','td0232',0,'2021-12-06'),('ct0025','thebao','td0233',0,'2021-07-14'),('ct0025','thebao','td0234',0,'2021-07-14'),('ct0025','thebao','td0235',0,'2021-07-14'),('ct0025','thebao','td0236',0,'2021-07-14'),('ct0025','thebao','td0237',0,'2021-07-14'),('ct0025','thebao','td0238',0,'2021-07-14'),('ct0025','thebao','td0239',0,'2021-07-14'),('ct0025','thebao','td0240',0,'2021-07-14'),('ct0025','thebao','td0241',0,'2021-07-14'),('ct0025','thebao','td0242',0,'2021-07-14'),('ct0025','thebao','td0243',0,'2021-07-14'),('ct0025','thebao','td0244',0,'2021-07-14'),('ct0026','admin','td0245',0,'2021-12-06'),('ct0026','admin','td0246',0,'2021-12-06'),('ct0026','admin','td0247',0,'2021-12-06'),('ct0026','admin','td0248',0,'2021-12-06'),('ct0026','admin','td0249',0,'2021-12-06'),('ct0026','admin','td0250',0,'2021-12-06'),('ct0026','admin','td0251',0,'2021-12-06'),('ct0026','admin','td0252',0,'2021-12-06'),('ct0026','admin','td0253',0,'2021-12-06'),('ct0026','admin','td0254',0,'2021-12-06'),('ct0026','admin','td0255',0,'2021-12-06'),('ct0026','admin','td0256',0,'2021-12-06'),('ct0026','admin','td0257',0,'2021-12-06'),('ct0027','anhkhoa','td0258',0,'2021-10-19'),('ct0027','anhkhoa','td0259',0,'2021-10-19'),('ct0028','anhkhoa','td0260',0,'2021-10-01'),('ct0028','anhkhoa','td0261',0,'2021-10-01'),('ct0028','anhkhoa','td0262',0,'2021-10-01'),('ct0028','anhkhoa','td0263',0,'2021-10-01'),('ct0028','anhkhoa','td0264',0,'2021-10-01'),('ct0028','anhkhoa','td0265',0,'2021-10-01'),('ct0028','anhkhoa','td0266',0,'2021-10-01'),('ct0028','anhkhoa','td0267',0,'2021-10-01'),('ct0028','anhkhoa','td0268',0,'2021-10-01'),('ct0028','anhkhoa','td0269',0,'2021-10-01'),('ct0028','anhkhoa','td0270',0,'2021-10-01'),('ct0029','huuphu','td0271',0,'2021-12-09'),('ct0029','huuphu','td0272',0,'2021-12-09'),('ct0029','huuphu','td0273',0,'2021-12-09'),('ct0029','huuphu','td0274',0,'2021-12-09'),('ct0029','huuphu','td0275',0,'2021-12-09'),('ct0029','huuphu','td0276',0,'2021-12-09'),('ct0029','huuphu','td0277',0,'2021-12-09'),('ct0029','huuphu','td0278',0,'2021-12-09'),('ct0029','huuphu','td0279',0,'2021-12-09'),('ct0030','anhkhoa','td0280',0,'2021-07-29'),('ct0030','anhkhoa','td0281',0,'2021-07-29'),('ct0030','anhkhoa','td0282',0,'2021-07-29'),('ct0030','anhkhoa','td0283',0,'2021-07-29'),('ct0031','anhkhoa','td0284',0,'2021-07-09'),('ct0031','anhkhoa','td0285',0,'2021-07-09'),('ct0031','anhkhoa','td0286',0,'2021-07-09'),('ct0032','anhkhoa','td0287',0,'2021-11-29'),('ct0032','anhkhoa','td0288',0,'2021-11-29'),('ct0032','anhkhoa','td0289',0,'2021-11-29'),('ct0032','anhkhoa','td0290',0,'2021-11-29'),('ct0032','anhkhoa','td0291',0,'2021-11-29'),('ct0032','anhkhoa','td0292',0,'2021-11-29'),('ct0032','anhkhoa','td0293',0,'2021-11-29'),('ct0032','anhkhoa','td0294',0,'2021-11-29'),('ct0032','anhkhoa','td0295',0,'2021-11-29'),('ct0032','anhkhoa','td0296',0,'2021-11-29'),('ct0033','huuphu','td0297',0,'2021-11-30'),('ct0033','huuphu','td0298',0,'2021-11-30'),('ct0033','huuphu','td0299',0,'2021-11-30'),('ct0033','huuphu','td0300',0,'2021-11-30'),('ct0034','dangkhoa','td0301',0,'2021-09-20'),('ct0034','dangkhoa','td0302',0,'2021-09-20'),('ct0034','dangkhoa','td0303',0,'2021-09-20'),('ct0035','thebao','td0304',0,'2021-11-06'),('ct0035','thebao','td0305',0,'2021-11-06'),('ct0035','thebao','td0306',0,'2021-11-06'),('ct0035','thebao','td0307',0,'2021-11-06'),('ct0035','thebao','td0308',0,'2021-11-06'),('ct0035','thebao','td0309',0,'2021-11-06'),('ct0035','thebao','td0310',0,'2021-11-06'),('ct0035','thebao','td0311',0,'2021-11-06'),('ct0035','thebao','td0312',0,'2021-11-06'),('ct0036','huuphu','td0313',0,'2021-09-16'),('ct0036','huuphu','td0314',0,'2021-09-16'),('ct0036','huuphu','td0315',0,'2021-09-16'),('ct0036','huuphu','td0316',0,'2021-09-16'),('ct0036','huuphu','td0317',0,'2021-09-16'),('ct0036','huuphu','td0318',0,'2021-09-16'),('ct0037','huuphu','td0319',0,'2021-09-19'),('ct0037','huuphu','td0320',0,'2021-09-19'),('ct0037','huuphu','td0321',0,'2021-09-19'),('ct0037','huuphu','td0322',0,'2021-09-19'),('ct0037','huuphu','td0323',0,'2021-09-19'),('ct0038','admin','td0324',0,'2021-12-03'),('ct0038','admin','td0325',0,'2021-12-03'),('ct0038','admin','td0326',0,'2021-12-03'),('ct0038','admin','td0327',0,'2021-12-03'),('ct0039','admin','td0328',0,'2021-09-29'),('ct0039','admin','td0329',0,'2021-09-29'),('ct0039','admin','td0330',0,'2021-09-29'),('ct0039','admin','td0331',0,'2021-09-29'),('ct0039','admin','td0332',0,'2021-09-29'),('ct0039','admin','td0333',0,'2021-09-29'),('ct0039','admin','td0334',0,'2021-09-29'),('ct0039','admin','td0335',0,'2021-09-29'),('ct0039','admin','td0336',0,'2021-09-29'),('ct0039','admin','td0337',0,'2021-09-29'),('ct0039','admin','td0338',0,'2021-09-29'),('ct0039','admin','td0339',0,'2021-09-29'),('ct0039','admin','td0340',0,'2021-09-29'),('ct0039','admin','td0341',0,'2021-09-29'),('ct0040','anhkhoa','td0342',0,'2021-11-19'),('ct0040','anhkhoa','td0343',0,'2021-11-19'),('ct0040','anhkhoa','td0344',0,'2021-11-19'),('ct0040','anhkhoa','td0345',0,'2021-11-19'),('ct0040','anhkhoa','td0346',0,'2021-11-19'),('ct0040','anhkhoa','td0347',0,'2021-11-19'),('ct0040','anhkhoa','td0348',0,'2021-11-19'),('ct0040','anhkhoa','td0349',0,'2021-11-19'),('ct0040','anhkhoa','td0350',0,'2021-11-19'),('ct0040','anhkhoa','td0351',0,'2021-11-19'),('ct0040','anhkhoa','td0352',0,'2021-11-19'),('ct0040','anhkhoa','td0353',0,'2021-11-19'),('ct0041','admin','td0354',0,'2021-09-03'),('ct0041','admin','td0355',0,'2021-09-03'),('ct0041','admin','td0356',0,'2021-09-03'),('ct0041','admin','td0357',0,'2021-09-03'),('ct0041','admin','td0358',0,'2021-09-03'),('ct0041','admin','td0359',0,'2021-09-03'),('ct0042','anhkhoa','td0360',0,'2021-09-22'),('ct0042','anhkhoa','td0361',0,'2021-09-22'),('ct0042','anhkhoa','td0362',0,'2021-09-22'),('ct0042','anhkhoa','td0363',0,'2021-09-22'),('ct0042','anhkhoa','td0364',0,'2021-09-22'),('ct0042','anhkhoa','td0365',0,'2021-09-22'),('ct0042','anhkhoa','td0366',0,'2021-09-22'),('ct0042','anhkhoa','td0367',0,'2021-09-22'),('ct0042','anhkhoa','td0368',0,'2021-09-22'),('ct0042','anhkhoa','td0369',0,'2021-09-22'),('ct0043','admin','td0370',0,'2021-08-02'),('ct0043','admin','td0371',0,'2021-08-02'),('ct0043','admin','td0372',0,'2021-08-02'),('ct0043','admin','td0373',0,'2021-08-02'),('ct0043','admin','td0374',0,'2021-08-02'),('ct0043','admin','td0375',0,'2021-08-02'),('ct0043','admin','td0376',0,'2021-08-02'),('ct0043','admin','td0377',0,'2021-08-02'),('ct0043','admin','td0378',0,'2021-08-02'),('ct0043','admin','td0379',0,'2021-08-02'),('ct0043','admin','td0380',0,'2021-08-02'),('ct0043','admin','td0381',0,'2021-08-02'),('ct0043','admin','td0382',0,'2021-08-02'),('ct0043','admin','td0383',0,'2021-08-02'),('ct0043','admin','td0384',0,'2021-08-02'),('ct0043','admin','td0385',0,'2021-08-02'),('ct0044','anhkhoa','td0386',0,'2021-12-08'),('ct0044','anhkhoa','td0387',0,'2021-12-08'),('ct0044','anhkhoa','td0388',0,'2021-12-08'),('ct0044','anhkhoa','td0389',0,'2021-12-08'),('ct0044','anhkhoa','td0390',0,'2021-12-08'),('ct0044','anhkhoa','td0391',0,'2021-12-08'),('ct0044','anhkhoa','td0392',0,'2021-12-08'),('ct0044','anhkhoa','td0393',0,'2021-12-08'),('ct0044','anhkhoa','td0394',0,'2021-12-08'),('ct0044','anhkhoa','td0395',0,'2021-12-08'),('ct0044','anhkhoa','td0396',0,'2021-12-08'),('ct0044','anhkhoa','td0397',0,'2021-12-08'),('ct0044','anhkhoa','td0398',0,'2021-12-08'),('ct0044','anhkhoa','td0399',0,'2021-12-08'),('ct0044','anhkhoa','td0400',0,'2021-12-08'),('ct0045','admin','td0401',0,'2021-08-24'),('ct0045','admin','td0402',0,'2021-08-24'),('ct0045','admin','td0403',0,'2021-08-24'),('ct0045','admin','td0404',0,'2021-08-24'),('ct0045','admin','td0405',0,'2021-08-24'),('ct0045','admin','td0406',0,'2021-08-24'),('ct0045','admin','td0407',0,'2021-08-24'),('ct0046','thebao','td0408',0,'2021-12-02'),('ct0046','thebao','td0409',0,'2021-12-02'),('ct0046','thebao','td0410',0,'2021-12-02'),('ct0046','thebao','td0411',0,'2021-12-02'),('ct0046','thebao','td0412',0,'2021-12-02'),('ct0046','thebao','td0413',0,'2021-12-02'),('ct0046','thebao','td0414',0,'2021-12-02'),('ct0047','dangkhoa','td0415',0,'2021-12-09'),('ct0047','dangkhoa','td0416',0,'2021-12-09'),('ct0048','dangkhoa','td0417',0,'2021-09-30'),('ct0048','dangkhoa','td0418',0,'2021-09-30'),('ct0048','dangkhoa','td0419',0,'2021-09-30'),('ct0048','dangkhoa','td0420',0,'2021-09-30'),('ct0048','dangkhoa','td0421',0,'2021-09-30'),('ct0048','dangkhoa','td0422',0,'2021-09-30'),('ct0048','dangkhoa','td0423',0,'2021-09-30'),('ct0049','thebao','td0424',0,'2021-12-21'),('ct0049','thebao','td0425',0,'2021-12-21'),('ct0049','thebao','td0426',0,'2021-12-21'),('ct0049','thebao','td0427',0,'2021-12-21'),('ct0049','thebao','td0428',0,'2021-12-21'),('ct0049','thebao','td0429',0,'2021-12-21'),('ct0049','thebao','td0430',0,'2021-12-21'),('ct0049','thebao','td0431',0,'2021-12-21'),('ct0049','thebao','td0432',0,'2021-12-21'),('ct0049','thebao','td0433',0,'2021-12-21'),('ct0049','thebao','td0434',0,'2021-12-21'),('ct0049','thebao','td0435',0,'2021-12-21'),('ct0049','thebao','td0436',0,'2021-12-21'),('ct0049','thebao','td0437',0,'2021-12-21'),('ct0050','anhkhoa','td0438',0,'2021-09-13'),('ct0050','anhkhoa','td0439',0,'2021-09-13'),('ct0050','anhkhoa','td0440',0,'2021-09-13'),('ct0050','anhkhoa','td0441',0,'2021-09-13'),('ct0050','anhkhoa','td0442',0,'2021-09-13'),('ct0050','anhkhoa','td0443',0,'2021-09-13'),('ct0050','anhkhoa','td0444',0,'2021-09-13'),('ct0050','anhkhoa','td0445',0,'2021-09-13'),('ct0050','anhkhoa','td0446',0,'2021-09-13'),('ct0050','anhkhoa','td0447',0,'2021-09-13'),('ct0050','anhkhoa','td0448',0,'2021-09-13'),('ct0050','anhkhoa','td0449',0,'2021-09-13'),('ct0050','anhkhoa','td0450',0,'2021-09-13'),('ct0051','admin','td0451',0,'2021-09-27'),('ct0051','admin','td0452',0,'2021-09-27'),('ct0051','admin','td0453',0,'2021-09-27'),('ct0051','admin','td0454',0,'2021-09-27'),('ct0051','admin','td0455',0,'2021-09-27'),('ct0051','admin','td0456',0,'2021-09-27'),('ct0051','admin','td0457',0,'2021-09-27'),('ct0051','admin','td0458',0,'2021-09-27'),('ct0051','admin','td0459',0,'2021-09-27'),('ct0052','dangkhoa','td0460',0,'2021-07-24'),('ct0052','dangkhoa','td0461',0,'2021-07-24'),('ct0052','dangkhoa','td0462',0,'2021-07-24'),('ct0052','dangkhoa','td0463',0,'2021-07-24'),('ct0052','dangkhoa','td0464',0,'2021-07-24'),('ct0052','dangkhoa','td0465',0,'2021-07-24'),('ct0052','dangkhoa','td0466',0,'2021-07-24'),('ct0052','dangkhoa','td0467',0,'2021-07-24'),('ct0052','dangkhoa','td0468',0,'2021-07-24'),('ct0052','dangkhoa','td0469',0,'2021-07-24'),('ct0052','dangkhoa','td0470',0,'2021-07-24'),('ct0052','dangkhoa','td0471',0,'2021-07-24'),('ct0052','dangkhoa','td0472',0,'2021-07-24'),('ct0052','dangkhoa','td0473',0,'2021-07-24'),('ct0052','dangkhoa','td0474',0,'2021-07-24'),('ct0053','admin','td0475',0,'2021-08-25'),('ct0053','admin','td0476',0,'2021-08-25'),('ct0053','admin','td0477',0,'2021-08-25'),('ct0054','anhkhoa','td0478',0,'2021-11-14'),('ct0054','anhkhoa','td0479',0,'2021-11-14'),('ct0054','anhkhoa','td0480',0,'2021-11-14'),('ct0054','anhkhoa','td0481',0,'2021-11-14'),('ct0054','anhkhoa','td0482',0,'2021-11-14'),('ct0054','anhkhoa','td0483',0,'2021-11-14'),('ct0054','anhkhoa','td0484',0,'2021-11-14'),('ct0054','anhkhoa','td0485',0,'2021-11-14'),('ct0054','anhkhoa','td0486',0,'2021-11-14'),('ct0054','anhkhoa','td0487',0,'2021-11-14'),('ct0054','anhkhoa','td0488',0,'2021-11-14'),('ct0054','anhkhoa','td0489',0,'2021-11-14'),('ct0055','huuphu','td0490',0,'2021-08-25'),('ct0055','huuphu','td0491',0,'2021-08-25'),('ct0055','huuphu','td0492',0,'2021-08-25'),('ct0055','huuphu','td0493',0,'2021-08-25'),('ct0055','huuphu','td0494',0,'2021-08-25'),('ct0055','huuphu','td0495',0,'2021-08-25'),('ct0055','huuphu','td0496',0,'2021-08-25'),('ct0055','huuphu','td0497',0,'2021-08-25'),('ct0056','thebao','td0498',0,'2021-12-20'),('ct0056','thebao','td0499',0,'2021-12-20'),('ct0056','thebao','td0500',0,'2021-12-20'),('ct0056','thebao','td0501',0,'2021-12-20'),('ct0056','thebao','td0502',0,'2021-12-20'),('ct0056','thebao','td0503',0,'2021-12-20'),('ct0056','thebao','td0504',0,'2021-12-20'),('ct0056','thebao','td0505',0,'2021-12-20'),('ct0057','admin','td0506',0,'2021-10-12'),('ct0057','admin','td0507',0,'2021-10-12'),('ct0058','dangkhoa','td0508',0,'2021-09-09'),('ct0058','dangkhoa','td0509',0,'2021-09-09'),('ct0058','dangkhoa','td0510',0,'2021-09-09'),('ct0058','dangkhoa','td0511',0,'2021-09-09'),('ct0058','dangkhoa','td0512',0,'2021-09-09'),('ct0058','dangkhoa','td0513',0,'2021-09-09'),('ct0058','dangkhoa','td0514',0,'2021-09-09'),('ct0058','dangkhoa','td0515',0,'2021-09-09'),('ct0058','dangkhoa','td0516',0,'2021-09-09'),('ct0058','dangkhoa','td0517',0,'2021-09-09'),('ct0058','dangkhoa','td0518',0,'2021-09-09'),('ct0058','dangkhoa','td0519',0,'2021-09-09'),('ct0058','dangkhoa','td0520',0,'2021-09-09'),('ct0058','dangkhoa','td0521',0,'2021-09-09'),('ct0058','dangkhoa','td0522',0,'2021-09-09'),('ct0058','dangkhoa','td0523',0,'2021-09-09'),('ct0059','anhkhoa','td0524',0,'2021-08-18'),('ct0059','anhkhoa','td0525',0,'2021-08-18'),('ct0059','anhkhoa','td0526',0,'2021-08-18'),('ct0059','anhkhoa','td0527',0,'2021-08-18'),('ct0059','anhkhoa','td0528',0,'2021-08-18'),('ct0059','anhkhoa','td0529',0,'2021-08-18'),('ct0059','anhkhoa','td0530',0,'2021-08-18'),('ct0059','anhkhoa','td0531',0,'2021-08-18'),('ct0059','anhkhoa','td0532',0,'2021-08-18'),('ct0059','anhkhoa','td0533',0,'2021-08-18'),('ct0059','anhkhoa','td0534',0,'2021-08-18'),('ct0059','anhkhoa','td0535',0,'2021-08-18'),('ct0059','anhkhoa','td0536',0,'2021-08-18'),('ct0060','admin','td0537',0,'2021-09-21'),('ct0060','admin','td0538',0,'2021-09-21'),('ct0060','admin','td0539',0,'2021-09-21'),('ct0060','admin','td0540',0,'2021-09-21'),('ct0060','admin','td0541',0,'2021-09-21'),('ct0060','admin','td0542',0,'2021-09-21'),('ct0060','admin','td0543',0,'2021-09-21'),('ct0060','admin','td0544',0,'2021-09-21'),('ct0060','admin','td0545',0,'2021-09-21'),('ct0060','admin','td0546',0,'2021-09-21'),('ct0060','admin','td0547',0,'2021-09-21'),('ct0060','admin','td0548',0,'2021-09-21'),('ct0060','admin','td0549',0,'2021-09-21'),('ct0060','admin','td0550',0,'2021-09-21'),('ct0061','huuphu','td0551',0,'2021-07-28'),('ct0061','huuphu','td0552',0,'2021-07-28'),('ct0062','anhkhoa','td0553',0,'2021-10-09'),('ct0062','anhkhoa','td0554',0,'2021-10-09'),('ct0062','anhkhoa','td0555',0,'2021-10-09'),('ct0062','anhkhoa','td0556',0,'2021-10-09'),('ct0062','anhkhoa','td0557',0,'2021-10-09'),('ct0062','anhkhoa','td0558',0,'2021-10-09'),('ct0062','anhkhoa','td0559',0,'2021-10-09'),('ct0062','anhkhoa','td0560',0,'2021-10-09'),('ct0062','anhkhoa','td0561',0,'2021-10-09'),('ct0062','anhkhoa','td0562',0,'2021-10-09'),('ct0063','huuphu','td0563',0,'2021-07-07'),('ct0063','huuphu','td0564',0,'2021-07-07'),('ct0063','huuphu','td0565',0,'2021-07-07'),('ct0063','huuphu','td0566',0,'2021-07-07'),('ct0063','huuphu','td0567',0,'2021-07-07'),('ct0063','huuphu','td0568',0,'2021-07-07'),('ct0063','huuphu','td0569',0,'2021-07-07'),('ct0063','huuphu','td0570',0,'2021-07-07'),('ct0064','huuphu','td0571',0,'2021-10-01'),('ct0064','huuphu','td0572',0,'2021-10-01'),('ct0064','huuphu','td0573',0,'2021-10-01'),('ct0064','huuphu','td0574',0,'2021-10-01'),('ct0064','huuphu','td0575',0,'2021-10-01'),('ct0064','huuphu','td0576',0,'2021-10-01'),('ct0064','huuphu','td0577',0,'2021-10-01'),('ct0065','huuphu','td0578',0,'2021-08-10'),('ct0065','huuphu','td0579',0,'2021-08-10'),('ct0065','huuphu','td0580',0,'2021-08-10'),('ct0065','huuphu','td0581',0,'2021-08-10'),('ct0065','huuphu','td0582',0,'2021-08-10'),('ct0065','huuphu','td0583',0,'2021-08-10'),('ct0065','huuphu','td0584',0,'2021-08-10'),('ct0066','anhkhoa','td0585',0,'2021-10-05'),('ct0066','anhkhoa','td0586',0,'2021-10-05'),('ct0066','anhkhoa','td0587',0,'2021-10-05'),('ct0066','anhkhoa','td0588',0,'2021-10-05'),('ct0067','anhkhoa','td0589',0,'2021-09-20'),('ct0067','anhkhoa','td0590',0,'2021-09-20'),('ct0067','anhkhoa','td0591',0,'2021-09-20'),('ct0067','anhkhoa','td0592',0,'2021-09-20'),('ct0067','anhkhoa','td0593',0,'2021-09-20'),('ct0067','anhkhoa','td0594',0,'2021-09-20'),('ct0067','anhkhoa','td0595',0,'2021-09-20'),('ct0067','anhkhoa','td0596',0,'2021-09-20'),('ct0067','anhkhoa','td0597',0,'2021-09-20'),('ct0067','anhkhoa','td0598',0,'2021-09-20'),('ct0067','anhkhoa','td0599',0,'2021-09-20'),('ct0067','anhkhoa','td0600',0,'2021-09-20'),('ct0068','dangkhoa','td0601',0,'2021-10-02'),('ct0068','dangkhoa','td0602',0,'2021-10-02'),('ct0068','dangkhoa','td0603',0,'2021-10-02'),('ct0068','dangkhoa','td0604',0,'2021-10-02'),('ct0068','dangkhoa','td0605',0,'2021-10-02'),('ct0068','dangkhoa','td0606',0,'2021-10-02'),('ct0068','dangkhoa','td0607',0,'2021-10-02'),('ct0068','dangkhoa','td0608',0,'2021-10-02'),('ct0068','dangkhoa','td0609',0,'2021-10-02'),('ct0069','admin','td0610',0,'2021-09-04'),('ct0069','admin','td0611',0,'2021-09-04'),('ct0069','admin','td0612',0,'2021-09-04'),('ct0069','admin','td0613',0,'2021-09-04'),('ct0069','admin','td0614',0,'2021-09-04'),('ct0069','admin','td0615',0,'2021-09-04'),('ct0069','admin','td0616',0,'2021-09-04'),('ct0069','admin','td0617',0,'2021-09-04'),('ct0069','admin','td0618',0,'2021-09-04'),('ct0069','admin','td0619',0,'2021-09-04'),('ct0070','dangkhoa','td0620',0,'2021-10-22'),('ct0070','dangkhoa','td0621',0,'2021-10-22'),('ct0070','dangkhoa','td0622',0,'2021-10-22'),('ct0070','dangkhoa','td0623',0,'2021-10-22'),('ct0070','dangkhoa','td0624',0,'2021-10-22'),('ct0070','dangkhoa','td0625',0,'2021-10-22'),('ct0070','dangkhoa','td0626',0,'2021-10-22'),('ct0070','dangkhoa','td0627',0,'2021-10-22'),('ct0070','dangkhoa','td0628',0,'2021-10-22'),('ct0071','dangkhoa','td0629',0,'2021-07-11'),('ct0071','dangkhoa','td0630',0,'2021-07-11'),('ct0071','dangkhoa','td0631',0,'2021-07-11'),('ct0071','dangkhoa','td0632',0,'2021-07-11'),('ct0071','dangkhoa','td0633',0,'2021-07-11'),('ct0071','dangkhoa','td0634',0,'2021-07-11'),('ct0071','dangkhoa','td0635',0,'2021-07-11'),('ct0071','dangkhoa','td0636',0,'2021-07-11'),('ct0071','dangkhoa','td0637',0,'2021-07-11'),('ct0071','dangkhoa','td0638',0,'2021-07-11'),('ct0071','dangkhoa','td0639',0,'2021-07-11'),('ct0071','dangkhoa','td0640',0,'2021-07-11'),('ct0071','dangkhoa','td0641',0,'2021-07-11'),('ct0071','dangkhoa','td0642',0,'2021-07-11'),('ct0071','dangkhoa','td0643',0,'2021-07-11'),('ct0072','dangkhoa','td0644',0,'2021-11-20'),('ct0072','dangkhoa','td0645',0,'2021-11-20'),('ct0072','dangkhoa','td0646',0,'2021-11-20'),('ct0072','dangkhoa','td0647',0,'2021-11-20'),('ct0072','dangkhoa','td0648',0,'2021-11-20'),('ct0072','dangkhoa','td0649',0,'2021-11-20'),('ct0072','dangkhoa','td0650',0,'2021-11-20'),('ct0072','dangkhoa','td0651',0,'2021-11-20'),('ct0072','dangkhoa','td0652',0,'2021-11-20'),('ct0072','dangkhoa','td0653',0,'2021-11-20'),('ct0072','dangkhoa','td0654',0,'2021-11-20'),('ct0072','dangkhoa','td0655',0,'2021-11-20'),('ct0072','dangkhoa','td0656',0,'2021-11-20'),('ct0072','dangkhoa','td0657',0,'2021-11-20'),('ct0072','dangkhoa','td0658',0,'2021-11-20'),('ct0072','dangkhoa','td0659',0,'2021-11-20'),('ct0073','anhkhoa','td0660',0,'2021-11-17'),('ct0073','anhkhoa','td0661',0,'2021-11-17'),('ct0073','anhkhoa','td0662',0,'2021-11-17'),('ct0073','anhkhoa','td0663',0,'2021-11-17'),('ct0073','anhkhoa','td0664',0,'2021-11-17'),('ct0073','anhkhoa','td0665',0,'2021-11-17'),('ct0073','anhkhoa','td0666',0,'2021-11-17'),('ct0073','anhkhoa','td0667',0,'2021-11-17'),('ct0073','anhkhoa','td0668',0,'2021-11-17'),('ct0074','admin','td0669',0,'2021-11-23'),('ct0074','admin','td0670',0,'2021-11-23'),('ct0074','admin','td0671',0,'2021-11-23'),('ct0074','admin','td0672',0,'2021-11-23'),('ct0074','admin','td0673',0,'2021-11-23'),('ct0074','admin','td0674',0,'2021-11-23'),('ct0074','admin','td0675',0,'2021-11-23'),('ct0074','admin','td0676',0,'2021-11-23'),('ct0074','admin','td0677',0,'2021-11-23'),('ct0074','admin','td0678',0,'2021-11-23'),('ct0075','huuphu','td0679',0,'2021-09-20'),('ct0075','huuphu','td0680',0,'2021-09-20'),('ct0075','huuphu','td0681',0,'2021-09-20'),('ct0075','huuphu','td0682',0,'2021-09-20'),('ct0075','huuphu','td0683',0,'2021-09-20'),('ct0075','huuphu','td0684',0,'2021-09-20'),('ct0075','huuphu','td0685',0,'2021-09-20'),('ct0075','huuphu','td0686',0,'2021-09-20'),('ct0075','huuphu','td0687',0,'2021-09-20'),('ct0075','huuphu','td0688',0,'2021-09-20'),('ct0075','huuphu','td0689',0,'2021-09-20'),('ct0075','huuphu','td0690',0,'2021-09-20'),('ct0075','huuphu','td0691',0,'2021-09-20'),('ct0075','huuphu','td0692',0,'2021-09-20'),('ct0076','admin','td0693',0,'2021-07-08'),('ct0076','admin','td0694',0,'2021-07-08'),('ct0076','admin','td0695',0,'2021-07-08'),('ct0076','admin','td0696',0,'2021-07-08'),('ct0077','admin','td0697',0,'2021-09-27'),('ct0077','admin','td0698',0,'2021-09-27'),('ct0077','admin','td0699',0,'2021-09-27'),('ct0077','admin','td0700',0,'2021-09-27'),('ct0077','admin','td0701',0,'2021-09-27'),('ct0077','admin','td0702',0,'2021-09-27'),('ct0077','admin','td0703',0,'2021-09-27'),('ct0077','admin','td0704',0,'2021-09-27'),('ct0077','admin','td0705',0,'2021-09-27'),('ct0077','admin','td0706',0,'2021-09-27'),('ct0077','admin','td0707',0,'2021-09-27'),('ct0077','admin','td0708',0,'2021-09-27'),('ct0077','admin','td0709',0,'2021-09-27'),('ct0077','admin','td0710',0,'2021-09-27'),('ct0078','dangkhoa','td0711',0,'2021-09-29'),('ct0078','dangkhoa','td0712',0,'2021-09-29'),('ct0079','admin','td0713',0,'2021-09-01'),('ct0079','admin','td0714',0,'2021-09-01'),('ct0079','admin','td0715',0,'2021-09-01'),('ct0079','admin','td0716',0,'2021-09-01'),('ct0079','admin','td0717',0,'2021-09-01'),('ct0079','admin','td0718',0,'2021-09-01'),('ct0079','admin','td0719',0,'2021-09-01'),('ct0079','admin','td0720',0,'2021-09-01'),('ct0079','admin','td0721',0,'2021-09-01'),('ct0079','admin','td0722',0,'2021-09-01'),('ct0079','admin','td0723',0,'2021-09-01'),('ct0079','admin','td0724',0,'2021-09-01'),('ct0080','anhkhoa','td0725',0,'2021-11-08'),('ct0080','anhkhoa','td0726',0,'2021-11-08'),('ct0080','anhkhoa','td0727',0,'2021-11-08'),('ct0080','anhkhoa','td0728',0,'2021-11-08'),('ct0080','anhkhoa','td0729',0,'2021-11-08'),('ct0080','anhkhoa','td0730',0,'2021-11-08'),('ct0080','anhkhoa','td0731',0,'2021-11-08'),('ct0080','anhkhoa','td0732',0,'2021-11-08'),('ct0080','anhkhoa','td0733',0,'2021-11-08'),('ct0081','dangkhoa','td0734',0,'2021-11-05'),('ct0081','dangkhoa','td0735',0,'2021-11-05'),('ct0081','dangkhoa','td0736',0,'2021-11-05'),('ct0081','dangkhoa','td0737',0,'2021-11-05'),('ct0081','dangkhoa','td0738',0,'2021-11-05'),('ct0081','dangkhoa','td0739',0,'2021-11-05'),('ct0081','dangkhoa','td0740',0,'2021-11-05'),('ct0081','dangkhoa','td0741',0,'2021-11-05'),('ct0081','dangkhoa','td0742',0,'2021-11-05'),('ct0081','dangkhoa','td0743',0,'2021-11-05'),('ct0081','dangkhoa','td0744',0,'2021-11-05'),('ct0082','huuphu','td0745',0,'2021-07-26'),('ct0082','huuphu','td0746',0,'2021-07-26'),('ct0082','huuphu','td0747',0,'2021-07-26'),('ct0082','huuphu','td0748',0,'2021-07-26'),('ct0082','huuphu','td0749',0,'2021-07-26'),('ct0082','huuphu','td0750',0,'2021-07-26'),('ct0082','huuphu','td0751',0,'2021-07-26'),('ct0082','huuphu','td0752',0,'2021-07-26'),('ct0082','huuphu','td0753',0,'2021-07-26'),('ct0082','huuphu','td0754',0,'2021-07-26'),('ct0082','huuphu','td0755',0,'2021-07-26'),('ct0082','huuphu','td0756',0,'2021-07-26'),('ct0082','huuphu','td0757',0,'2021-07-26'),('ct0082','huuphu','td0758',0,'2021-07-26'),('ct0082','huuphu','td0759',0,'2021-07-26'),('ct0083','anhkhoa','td0760',0,'2021-12-23'),('ct0083','anhkhoa','td0761',0,'2021-12-23'),('ct0083','anhkhoa','td0762',0,'2021-12-23'),('ct0083','anhkhoa','td0763',0,'2021-12-23'),('ct0083','anhkhoa','td0764',0,'2021-12-23'),('ct0083','anhkhoa','td0765',0,'2021-12-23'),('ct0083','anhkhoa','td0766',0,'2021-12-23'),('ct0083','anhkhoa','td0767',0,'2021-12-23'),('ct0083','anhkhoa','td0768',0,'2021-12-23'),('ct0083','anhkhoa','td0769',0,'2021-12-23'),('ct0083','anhkhoa','td0770',0,'2021-12-23'),('ct0083','anhkhoa','td0771',0,'2021-12-23'),('ct0083','anhkhoa','td0772',0,'2021-12-23'),('ct0083','anhkhoa','td0773',0,'2021-12-23'),('ct0083','anhkhoa','td0774',0,'2021-12-23'),('ct0084','dangkhoa','td0775',0,'2021-09-24'),('ct0084','dangkhoa','td0776',0,'2021-09-24'),('ct0084','dangkhoa','td0777',0,'2021-09-24'),('ct0084','dangkhoa','td0778',0,'2021-09-24'),('ct0084','dangkhoa','td0779',0,'2021-09-24'),('ct0085','huuphu','td0780',0,'2021-09-01'),('ct0085','huuphu','td0781',0,'2021-09-01'),('ct0085','huuphu','td0782',0,'2021-09-01'),('ct0085','huuphu','td0783',0,'2021-09-01'),('ct0085','huuphu','td0784',0,'2021-09-01'),('ct0085','huuphu','td0785',0,'2021-09-01'),('ct0085','huuphu','td0786',0,'2021-09-01'),('ct0085','huuphu','td0787',0,'2021-09-01'),('ct0086','anhkhoa','td0788',0,'2021-09-23'),('ct0086','anhkhoa','td0789',0,'2021-09-23'),('ct0086','anhkhoa','td0790',0,'2021-09-23'),('ct0086','anhkhoa','td0791',0,'2021-09-23'),('ct0086','anhkhoa','td0792',0,'2021-09-23'),('ct0086','anhkhoa','td0793',0,'2021-09-23'),('ct0086','anhkhoa','td0794',0,'2021-09-23'),('ct0086','anhkhoa','td0795',0,'2021-09-23'),('ct0086','anhkhoa','td0796',0,'2021-09-23'),('ct0086','anhkhoa','td0797',0,'2021-09-23'),('ct0086','anhkhoa','td0798',0,'2021-09-23'),('ct0086','anhkhoa','td0799',0,'2021-09-23'),('ct0086','anhkhoa','td0800',0,'2021-09-23'),('ct0087','huuphu','td0801',0,'2021-09-07'),('ct0087','huuphu','td0802',0,'2021-09-07'),('ct0087','huuphu','td0803',0,'2021-09-07'),('ct0087','huuphu','td0804',0,'2021-09-07'),('ct0087','huuphu','td0805',0,'2021-09-07'),('ct0087','huuphu','td0806',0,'2021-09-07'),('ct0087','huuphu','td0807',0,'2021-09-07'),('ct0087','huuphu','td0808',0,'2021-09-07'),('ct0087','huuphu','td0809',0,'2021-09-07'),('ct0087','huuphu','td0810',0,'2021-09-07'),('ct0087','huuphu','td0811',0,'2021-09-07'),('ct0087','huuphu','td0812',0,'2021-09-07'),('ct0087','huuphu','td0813',0,'2021-09-07'),('ct0087','huuphu','td0814',0,'2021-09-07'),('ct0088','huuphu','td0815',0,'2021-12-02'),('ct0088','huuphu','td0816',0,'2021-12-02'),('ct0088','huuphu','td0817',0,'2021-12-02'),('ct0088','huuphu','td0818',0,'2021-12-02'),('ct0088','huuphu','td0819',0,'2021-12-02'),('ct0088','huuphu','td0820',0,'2021-12-02'),('ct0088','huuphu','td0821',0,'2021-12-02'),('ct0088','huuphu','td0822',0,'2021-12-02'),('ct0088','huuphu','td0823',0,'2021-12-02'),('ct0088','huuphu','td0824',0,'2021-12-02'),('ct0088','huuphu','td0825',0,'2021-12-02'),('ct0089','anhkhoa','td0826',0,'2021-08-06'),('ct0089','anhkhoa','td0827',0,'2021-08-06'),('ct0089','anhkhoa','td0828',0,'2021-08-06'),('ct0089','anhkhoa','td0829',0,'2021-08-06'),('ct0089','anhkhoa','td0830',0,'2021-08-06'),('ct0089','anhkhoa','td0831',0,'2021-08-06'),('ct0089','anhkhoa','td0832',0,'2021-08-06'),('ct0090','admin','td0833',0,'2021-11-20'),('ct0090','admin','td0834',0,'2021-11-20'),('ct0090','admin','td0835',0,'2021-11-20'),('ct0090','admin','td0836',0,'2021-11-20'),('ct0090','admin','td0837',0,'2021-11-20'),('ct0090','admin','td0838',0,'2021-11-20'),('ct0090','admin','td0839',0,'2021-11-20'),('ct0090','admin','td0840',0,'2021-11-20'),('ct0090','admin','td0841',0,'2021-11-20'),('ct0090','admin','td0842',0,'2021-11-20'),('ct0090','admin','td0843',0,'2021-11-20'),('ct0090','admin','td0844',0,'2021-11-20'),('ct0090','admin','td0845',0,'2021-11-20'),('ct0090','admin','td0846',0,'2021-11-20'),('ct0090','admin','td0847',0,'2021-11-20'),('ct0091','huuphu','td0848',0,'2021-12-13'),('ct0091','huuphu','td0849',0,'2021-12-13'),('ct0091','huuphu','td0850',0,'2021-12-13'),('ct0091','huuphu','td0851',0,'2021-12-13'),('ct0091','huuphu','td0852',0,'2021-12-13'),('ct0091','huuphu','td0853',0,'2021-12-13'),('ct0091','huuphu','td0854',0,'2021-12-13'),('ct0092','admin','td0855',0,'2021-10-29'),('ct0092','admin','td0856',0,'2021-10-29'),('ct0092','admin','td0857',0,'2021-10-29'),('ct0092','admin','td0858',0,'2021-10-29'),('ct0093','dangkhoa','td0859',0,'2021-11-10'),('ct0093','dangkhoa','td0860',0,'2021-11-10'),('ct0093','dangkhoa','td0861',0,'2021-11-10'),('ct0093','dangkhoa','td0862',0,'2021-11-10'),('ct0093','dangkhoa','td0863',0,'2021-11-10'),('ct0093','dangkhoa','td0864',0,'2021-11-10'),('ct0093','dangkhoa','td0865',0,'2021-11-10'),('ct0093','dangkhoa','td0866',0,'2021-11-10'),('ct0093','dangkhoa','td0867',0,'2021-11-10'),('ct0094','huuphu','td0868',0,'2021-10-06'),('ct0094','huuphu','td0869',0,'2021-10-06'),('ct0094','huuphu','td0870',0,'2021-10-06'),('ct0094','huuphu','td0871',0,'2021-10-06'),('ct0094','huuphu','td0872',0,'2021-10-06'),('ct0094','huuphu','td0873',0,'2021-10-06'),('ct0094','huuphu','td0874',0,'2021-10-06'),('ct0094','huuphu','td0875',0,'2021-10-06'),('ct0094','huuphu','td0876',0,'2021-10-06'),('ct0094','huuphu','td0877',0,'2021-10-06'),('ct0095','huuphu','td0878',0,'2021-10-10'),('ct0095','huuphu','td0879',0,'2021-10-10'),('ct0095','huuphu','td0880',0,'2021-10-10'),('ct0095','huuphu','td0881',0,'2021-10-10'),('ct0095','huuphu','td0882',0,'2021-10-10'),('ct0095','huuphu','td0883',0,'2021-10-10'),('ct0095','huuphu','td0884',0,'2021-10-10'),('ct0095','huuphu','td0885',0,'2021-10-10'),('ct0095','huuphu','td0886',0,'2021-10-10'),('ct0095','huuphu','td0887',0,'2021-10-10'),('ct0095','huuphu','td0888',0,'2021-10-10'),('ct0095','huuphu','td0889',0,'2021-10-10'),('ct0095','huuphu','td0890',0,'2021-10-10'),('ct0095','huuphu','td0891',0,'2021-10-10'),('ct0095','huuphu','td0892',0,'2021-10-10'),('ct0095','huuphu','td0893',0,'2021-10-10'),('ct0096','thebao','td0894',0,'2021-07-11'),('ct0096','thebao','td0895',0,'2021-07-11'),('ct0096','thebao','td0896',0,'2021-07-11'),('ct0096','thebao','td0897',0,'2021-07-11'),('ct0096','thebao','td0898',0,'2021-07-11'),('ct0096','thebao','td0899',0,'2021-07-11'),('ct0096','thebao','td0900',0,'2021-07-11'),('ct0096','thebao','td0901',0,'2021-07-11'),('ct0096','thebao','td0902',0,'2021-07-11'),('ct0096','thebao','td0903',0,'2021-07-11'),('ct0096','thebao','td0904',0,'2021-07-11'),('ct0096','thebao','td0905',0,'2021-07-11'),('ct0096','thebao','td0906',0,'2021-07-11'),('ct0096','thebao','td0907',0,'2021-07-11'),('ct0096','thebao','td0908',0,'2021-07-11'),('ct0097','thebao','td0909',0,'2021-12-14'),('ct0097','thebao','td0910',0,'2021-12-14'),('ct0097','thebao','td0911',0,'2021-12-14'),('ct0097','thebao','td0912',0,'2021-12-14'),('ct0097','thebao','td0913',0,'2021-12-14'),('ct0097','thebao','td0914',0,'2021-12-14'),('ct0097','thebao','td0915',0,'2021-12-14'),('ct0097','thebao','td0916',0,'2021-12-14'),('ct0098','dangkhoa','td0917',0,'2021-07-25'),('ct0098','dangkhoa','td0918',0,'2021-07-25'),('ct0098','dangkhoa','td0919',0,'2021-07-25'),('ct0098','dangkhoa','td0920',0,'2021-07-25'),('ct0098','dangkhoa','td0921',0,'2021-07-25'),('ct0098','dangkhoa','td0922',0,'2021-07-25'),('ct0098','dangkhoa','td0923',0,'2021-07-25'),('ct0098','dangkhoa','td0924',0,'2021-07-25'),('ct0098','dangkhoa','td0925',0,'2021-07-25'),('ct0098','dangkhoa','td0926',0,'2021-07-25'),('ct0098','dangkhoa','td0927',0,'2021-07-25'),('ct0098','dangkhoa','td0928',0,'2021-07-25'),('ct0098','dangkhoa','td0929',0,'2021-07-25'),('ct0098','dangkhoa','td0930',0,'2021-07-25'),('ct0098','dangkhoa','td0931',0,'2021-07-25'),('ct0099','huuphu','td0932',0,'2021-10-31'),('ct0099','huuphu','td0933',0,'2021-10-31'),('ct0099','huuphu','td0934',0,'2021-10-31'),('ct0099','huuphu','td0935',0,'2021-10-31'),('ct0099','huuphu','td0936',0,'2021-10-31'),('ct0099','huuphu','td0937',0,'2021-10-31'),('ct0099','huuphu','td0938',0,'2021-10-31'),('ct0099','huuphu','td0939',0,'2021-10-31'),('ct0099','huuphu','td0940',0,'2021-10-31'),('ct0099','huuphu','td0941',0,'2021-10-31'),('ct0099','huuphu','td0942',0,'2021-10-31'),('ct0099','huuphu','td0943',0,'2021-10-31'),('ct0100','huuphu','td0944',0,'2021-11-17'),('ct0100','huuphu','td0945',0,'2021-11-17'),('ct0100','huuphu','td0946',0,'2021-11-17'),('ct0100','huuphu','td0947',0,'2021-11-17'),('ct0100','huuphu','td0948',0,'2021-11-17'),('ct0100','huuphu','td0949',0,'2021-11-17'),('ct0100','huuphu','td0950',0,'2021-11-17'),('ct0101','huuphu','td0951',0,'2021-10-27'),('ct0101','huuphu','td0952',0,'2021-10-27'),('ct0101','huuphu','td0953',0,'2021-10-27'),('ct0102','thebao','td0954',0,'2021-08-14'),('ct0102','thebao','td0955',0,'2021-08-14'),('ct0102','thebao','td0956',0,'2021-08-14'),('ct0102','thebao','td0957',0,'2021-08-14'),('ct0102','thebao','td0958',0,'2021-08-14'),('ct0102','thebao','td0959',0,'2021-08-14'),('ct0102','thebao','td0960',0,'2021-08-14'),('ct0102','thebao','td0961',0,'2021-08-14'),('ct0102','thebao','td0962',0,'2021-08-14'),('ct0102','thebao','td0963',0,'2021-08-14'),('ct0102','thebao','td0964',0,'2021-08-14'),('ct0103','huuphu','td0965',0,'2021-09-14'),('ct0103','huuphu','td0966',0,'2021-09-14'),('ct0103','huuphu','td0967',0,'2021-09-14'),('ct0103','huuphu','td0968',0,'2021-09-14'),('ct0103','huuphu','td0969',0,'2021-09-14'),('ct0103','huuphu','td0970',0,'2021-09-14'),('ct0103','huuphu','td0971',0,'2021-09-14'),('ct0103','huuphu','td0972',0,'2021-09-14'),('ct0103','huuphu','td0973',0,'2021-09-14'),('ct0103','huuphu','td0974',0,'2021-09-14'),('ct0103','huuphu','td0975',0,'2021-09-14'),('ct0104','huuphu','td0976',0,'2021-10-27'),('ct0104','huuphu','td0977',0,'2021-10-27'),('ct0104','huuphu','td0978',0,'2021-10-27'),('ct0104','huuphu','td0979',0,'2021-10-27'),('ct0104','huuphu','td0980',0,'2021-10-27'),('ct0104','huuphu','td0981',0,'2021-10-27'),('ct0104','huuphu','td0982',0,'2021-10-27'),('ct0104','huuphu','td0983',0,'2021-10-27'),('ct0104','huuphu','td0984',0,'2021-10-27'),('ct0104','huuphu','td0985',0,'2021-10-27'),('ct0104','huuphu','td0986',0,'2021-10-27'),('ct0104','huuphu','td0987',0,'2021-10-27'),('ct0104','huuphu','td0988',0,'2021-10-27'),('ct0104','huuphu','td0989',0,'2021-10-27'),('ct0105','huuphu','td0990',0,'2021-08-17'),('ct0105','huuphu','td0991',0,'2021-08-17'),('ct0106','anhkhoa','td0992',0,'2021-07-30'),('ct0106','anhkhoa','td0993',0,'2021-07-30'),('ct0106','anhkhoa','td0994',0,'2021-07-30'),('ct0106','anhkhoa','td0995',0,'2021-07-30'),('ct0106','anhkhoa','td0996',0,'2021-07-30'),('ct0106','anhkhoa','td0997',0,'2021-07-30'),('ct0106','anhkhoa','td0998',0,'2021-07-30'),('ct0106','anhkhoa','td0999',0,'2021-07-30');
/*!40000 ALTER TABLE `thongtinchitieu` ENABLE KEYS */;
UNLOCK TABLES;

--
-- Table structure for table `tieudung`
--

DROP TABLE IF EXISTS `tieudung`;
/*!40101 SET @saved_cs_client     = @@character_set_client */;
/*!50503 SET character_set_client = utf8mb4 */;
CREATE TABLE `tieudung` (
  `maTieuDung` varchar(6) NOT NULL,
  `loaiChiTieu` int DEFAULT NULL,
  `tenHangHoa` varchar(40) DEFAULT NULL,
  `soLuong` int DEFAULT NULL,
  `thanhTien` double DEFAULT NULL,
  PRIMARY KEY (`maTieuDung`),
  KEY `loaiChiTieu` (`loaiChiTieu`),
  CONSTRAINT `tieudung_ibfk_1` FOREIGN KEY (`loaiChiTieu`) REFERENCES `loaichitieu` (`maLoaiChiTieu`)
) ENGINE=InnoDB DEFAULT CHARSET=utf8mb4 COLLATE=utf8mb4_0900_ai_ci;
/*!40101 SET character_set_client = @saved_cs_client */;

--
-- Dumping data for table `tieudung`
--

LOCK TABLES `tieudung` WRITE;
/*!40000 ALTER TABLE `tieudung` DISABLE KEYS */;
INSERT INTO `tieudung` VALUES ('td0001',3,'Do an 1',14,119488),('td0002',1,'Dich vu 1',27,18299),('td0003',2,'Hang hoa 1',6,186339),('td0004',3,'Do an 2',94,198774),('td0005',1,'Dich vu 2',12,15075),('td0006',1,'Dich vu 3',74,53341),('td0007',2,'Hang hoa 2',15,53025),('td0008',1,'Dich vu 4',76,20938),('td0009',1,'Dich vu 5',53,138041),('td0010',3,'Do an 3',76,193171),('td0011',2,'Hang hoa 3',17,57743),('td0012',3,'Do an 4',13,120629),('td0013',2,'Hang hoa 4',3,65686),('td0014',1,'Dich vu 6',61,107983),('td0015',3,'Do an 5',67,127219),('td0016',1,'Dich vu 7',99,115672),('td0017',2,'Hang hoa 5',18,75032),('td0018',1,'Dich vu 8',70,138054),('td0019',3,'Do an 6',65,146429),('td0020',2,'Hang hoa 6',71,157052),('td0021',3,'Do an 7',87,44722),('td0022',2,'Hang hoa 7',33,89181),('td0023',3,'Do an 8',15,48354),('td0024',2,'Hang hoa 8',22,91943),('td0025',2,'Hang hoa 9',100,189017),('td0026',2,'Hang hoa 10',3,62708),('td0027',2,'Hang hoa 11',19,65156),('td0028',2,'Hang hoa 12',34,36706),('td0029',3,'Do an 9',27,14904),('td0030',2,'Hang hoa 13',4,47137),('td0031',3,'Do an 10',82,141213),('td0032',3,'Do an 11',58,71476),('td0033',1,'Dich vu 9',70,41607),('td0034',2,'Hang hoa 14',13,14642),('td0035',1,'Dich vu 10',85,165198),('td0036',3,'Do an 12',69,196111),('td0037',1,'Dich vu 11',1,143060),('td0038',3,'Do an 13',73,129760),('td0039',3,'Do an 14',68,144057),('td0040',1,'Dich vu 12',24,13181),('td0041',3,'Do an 15',36,100909),('td0042',2,'Hang hoa 15',73,118574),('td0043',3,'Do an 16',70,64974),('td0044',2,'Hang hoa 16',99,118082),('td0045',3,'Do an 17',1,76927),('td0046',1,'Dich vu 13',95,188280),('td0047',1,'Dich vu 14',89,14716),('td0048',3,'Do an 18',86,127233),('td0049',2,'Hang hoa 17',43,12320),('td0050',1,'Dich vu 15',22,120832),('td0051',1,'Dich vu 16',67,185560),('td0052',2,'Hang hoa 18',51,157295),('td0053',1,'Dich vu 17',82,192616),('td0054',3,'Do an 19',33,172663),('td0055',1,'Dich vu 18',8,63327),('td0056',3,'Do an 20',12,141795),('td0057',1,'Dich vu 19',78,53642),('td0058',3,'Do an 21',48,192413),('td0059',3,'Do an 22',34,27151),('td0060',1,'Dich vu 20',66,58514),('td0061',1,'Dich vu 21',45,123466),('td0062',1,'Dich vu 22',24,177313),('td0063',1,'Dich vu 23',46,24710),('td0064',3,'Do an 23',81,155831),('td0065',3,'Do an 24',94,110368),('td0066',1,'Dich vu 24',90,36171),('td0067',1,'Dich vu 25',55,98012),('td0068',3,'Do an 25',92,46417),('td0069',2,'Hang hoa 19',20,21978),('td0070',2,'Hang hoa 20',42,17373),('td0071',2,'Hang hoa 21',48,118716),('td0072',2,'Hang hoa 22',25,86843),('td0073',1,'Dich vu 26',39,104091),('td0074',1,'Dich vu 27',65,80580),('td0075',1,'Dich vu 28',16,96867),('td0076',2,'Hang hoa 23',36,37207),('td0077',2,'Hang hoa 24',36,19818),('td0078',2,'Hang hoa 25',36,31205),('td0079',3,'Do an 26',63,126868),('td0080',2,'Hang hoa 26',76,34015),('td0081',1,'Dich vu 29',85,154579),('td0082',1,'Dich vu 30',100,171876),('td0083',3,'Do an 27',98,144516),('td0084',2,'Hang hoa 27',19,190478),('td0085',2,'Hang hoa 28',37,125917),('td0086',3,'Do an 28',59,12869),('td0087',2,'Hang hoa 29',4,147270),('td0088',2,'Hang hoa 30',80,151895),('td0089',1,'Dich vu 31',98,188162),('td0090',2,'Hang hoa 31',63,16544),('td0091',3,'Do an 29',2,80445),('td0092',2,'Hang hoa 32',10,112450),('td0093',2,'Hang hoa 33',60,199729),('td0094',3,'Do an 30',28,190208),('td0095',3,'Do an 31',94,47790),('td0096',3,'Do an 32',33,189824),('td0097',3,'Do an 33',31,75034),('td0098',3,'Do an 34',70,73091),('td0099',2,'Hang hoa 34',92,101796),('td0100',1,'Dich vu 32',14,16059),('td0101',3,'Do an 35',98,113418),('td0102',1,'Dich vu 33',15,45811),('td0103',1,'Dich vu 34',67,63933),('td0104',3,'Do an 36',54,81138),('td0105',3,'Do an 37',51,13533),('td0106',3,'Do an 38',42,167032),('td0107',1,'Dich vu 35',81,113496),('td0108',1,'Dich vu 36',99,31819),('td0109',3,'Do an 39',81,40883),('td0110',3,'Do an 40',73,177158),('td0111',2,'Hang hoa 35',43,18026),('td0112',3,'Do an 41',59,151167),('td0113',1,'Dich vu 37',8,167519),('td0114',2,'Hang hoa 36',33,61417),('td0115',2,'Hang hoa 37',87,175165),('td0116',2,'Hang hoa 38',90,173964),('td0117',2,'Hang hoa 39',59,124820),('td0118',1,'Dich vu 38',34,45574),('td0119',1,'Dich vu 39',13,81497),('td0120',2,'Hang hoa 40',56,188375),('td0121',2,'Hang hoa 41',66,134754),('td0122',1,'Dich vu 40',16,24807),('td0123',3,'Do an 42',39,58505),('td0124',3,'Do an 43',94,19173),('td0125',3,'Do an 44',8,123079),('td0126',1,'Dich vu 41',43,102392),('td0127',2,'Hang hoa 42',80,143834),('td0128',1,'Dich vu 42',56,157582),('td0129',2,'Hang hoa 43',79,165013),('td0130',1,'Dich vu 43',12,152127),('td0131',1,'Dich vu 44',4,140080),('td0132',1,'Dich vu 45',97,110783),('td0133',1,'Dich vu 46',32,155712),('td0134',3,'Do an 45',49,68864),('td0135',3,'Do an 46',84,75857),('td0136',2,'Hang hoa 44',4,154704),('td0137',3,'Do an 47',11,40517),('td0138',1,'Dich vu 47',70,184364),('td0139',3,'Do an 48',93,178314),('td0140',1,'Dich vu 48',36,158264),('td0141',1,'Dich vu 49',24,167236),('td0142',3,'Do an 49',70,150409),('td0143',1,'Dich vu 50',71,114505),('td0144',3,'Do an 50',22,132111),('td0145',3,'Do an 51',54,157255),('td0146',1,'Dich vu 51',17,105235),('td0147',3,'Do an 52',90,184677),('td0148',1,'Dich vu 52',41,47710),('td0149',3,'Do an 53',27,179523),('td0150',3,'Do an 54',15,118282),('td0151',2,'Hang hoa 45',58,146891),('td0152',2,'Hang hoa 46',25,132022),('td0153',1,'Dich vu 53',50,84721),('td0154',1,'Dich vu 54',84,91414),('td0155',1,'Dich vu 55',40,15420),('td0156',1,'Dich vu 56',37,35682),('td0157',1,'Dich vu 57',74,140640),('td0158',1,'Dich vu 58',47,141154),('td0159',1,'Dich vu 59',100,193073),('td0160',3,'Do an 55',54,107226),('td0161',3,'Do an 56',72,138464),('td0162',3,'Do an 57',38,194921),('td0163',1,'Dich vu 60',58,60826),('td0164',3,'Do an 58',94,161243),('td0165',2,'Hang hoa 47',51,129336),('td0166',2,'Hang hoa 48',86,75711),('td0167',3,'Do an 59',78,170553),('td0168',3,'Do an 60',96,178104),('td0169',3,'Do an 61',83,123483),('td0170',3,'Do an 62',21,93739),('td0171',2,'Hang hoa 49',5,58631),('td0172',3,'Do an 63',32,191636),('td0173',2,'Hang hoa 50',66,56900),('td0174',3,'Do an 64',72,69316),('td0175',2,'Hang hoa 51',33,114221),('td0176',3,'Do an 65',46,76111),('td0177',3,'Do an 66',58,152672),('td0178',3,'Do an 67',34,144248),('td0179',1,'Dich vu 61',56,47990),('td0180',1,'Dich vu 62',20,197378),('td0181',1,'Dich vu 63',23,161620),('td0182',2,'Hang hoa 52',24,16118),('td0183',3,'Do an 68',18,130899),('td0184',2,'Hang hoa 53',4,86134),('td0185',2,'Hang hoa 54',79,22919),('td0186',2,'Hang hoa 55',40,37075),('td0187',3,'Do an 69',56,171374),('td0188',2,'Hang hoa 56',40,96143),('td0189',3,'Do an 70',41,158206),('td0190',2,'Hang hoa 57',27,30740),('td0191',1,'Dich vu 64',9,133042),('td0192',3,'Do an 71',55,82946),('td0193',2,'Hang hoa 58',7,66111),('td0194',3,'Do an 72',83,67888),('td0195',1,'Dich vu 65',79,141317),('td0196',2,'Hang hoa 59',6,132082),('td0197',3,'Do an 73',50,171261),('td0198',1,'Dich vu 66',23,42508),('td0199',3,'Do an 74',4,177135),('td0200',3,'Do an 75',34,158685),('td0201',2,'Hang hoa 60',31,85083),('td0202',2,'Hang hoa 61',39,12028),('td0203',3,'Do an 76',53,56697),('td0204',2,'Hang hoa 62',77,107943),('td0205',1,'Dich vu 67',35,179417),('td0206',1,'Dich vu 68',86,31276),('td0207',3,'Do an 77',63,197864),('td0208',2,'Hang hoa 63',25,181758),('td0209',3,'Do an 78',26,115435),('td0210',1,'Dich vu 69',28,11191),('td0211',1,'Dich vu 70',72,138208),('td0212',1,'Dich vu 71',96,150855),('td0213',2,'Hang hoa 64',62,70686),('td0214',3,'Do an 79',95,156445),('td0215',3,'Do an 80',35,26762),('td0216',1,'Dich vu 72',67,99170),('td0217',2,'Hang hoa 65',41,199707),('td0218',1,'Dich vu 73',76,109457),('td0219',3,'Do an 81',25,62646),('td0220',1,'Dich vu 74',67,165276),('td0221',1,'Dich vu 75',62,84075),('td0222',1,'Dich vu 76',14,93441),('td0223',3,'Do an 82',33,110687),('td0224',3,'Do an 83',53,53235),('td0225',2,'Hang hoa 66',53,121618),('td0226',1,'Dich vu 77',92,26900),('td0227',3,'Do an 84',69,195920),('td0228',2,'Hang hoa 67',33,123860),('td0229',2,'Hang hoa 68',60,140951),('td0230',3,'Do an 85',17,158603),('td0231',2,'Hang hoa 69',39,39838),('td0232',2,'Hang hoa 70',35,132052),('td0233',2,'Hang hoa 71',27,105360),('td0234',3,'Do an 86',90,156119),('td0235',1,'Dich vu 78',25,101262),('td0236',3,'Do an 87',88,141436),('td0237',2,'Hang hoa 72',10,127305),('td0238',3,'Do an 88',77,180123),('td0239',2,'Hang hoa 73',22,19376),('td0240',3,'Do an 89',9,108168),('td0241',2,'Hang hoa 74',59,51899),('td0242',1,'Dich vu 79',15,175354),('td0243',3,'Do an 90',80,179050),('td0244',2,'Hang hoa 75',69,136899),('td0245',2,'Hang hoa 76',55,123348),('td0246',2,'Hang hoa 77',48,169174),('td0247',1,'Dich vu 80',79,79805),('td0248',2,'Hang hoa 78',27,84057),('td0249',3,'Do an 91',61,179540),('td0250',2,'Hang hoa 79',100,37954),('td0251',1,'Dich vu 81',36,191774),('td0252',3,'Do an 92',71,77992),('td0253',3,'Do an 93',87,53019),('td0254',1,'Dich vu 82',33,11926),('td0255',1,'Dich vu 83',32,139191),('td0256',1,'Dich vu 84',34,164234),('td0257',3,'Do an 94',39,192758),('td0258',1,'Dich vu 85',6,145027),('td0259',3,'Do an 95',49,155472),('td0260',2,'Hang hoa 80',51,161860),('td0261',2,'Hang hoa 81',51,163895),('td0262',3,'Do an 96',82,80422),('td0263',3,'Do an 97',84,27744),('td0264',1,'Dich vu 86',39,151261),('td0265',3,'Do an 98',31,177674),('td0266',3,'Do an 99',53,125510),('td0267',2,'Hang hoa 82',75,28318),('td0268',1,'Dich vu 87',41,154660),('td0269',1,'Dich vu 88',54,24332),('td0270',1,'Dich vu 89',62,132108),('td0271',3,'Do an 100',11,181500),('td0272',1,'Dich vu 90',46,57491),('td0273',3,'Do an 101',75,84097),('td0274',2,'Hang hoa 83',96,148106),('td0275',3,'Do an 102',22,110185),('td0276',3,'Do an 103',65,84458),('td0277',2,'Hang hoa 84',78,153090),('td0278',3,'Do an 104',83,39600),('td0279',1,'Dich vu 91',2,105210),('td0280',1,'Dich vu 92',53,71059),('td0281',3,'Do an 105',21,182721),('td0282',3,'Do an 106',94,34384),('td0283',3,'Do an 107',27,199580),('td0284',1,'Dich vu 93',16,96783),('td0285',1,'Dich vu 94',16,47124),('td0286',3,'Do an 108',51,74953),('td0287',3,'Do an 109',14,130025),('td0288',3,'Do an 110',5,156694),('td0289',1,'Dich vu 95',56,141072),('td0290',3,'Do an 111',19,187732),('td0291',1,'Dich vu 96',55,100112),('td0292',1,'Dich vu 97',90,139323),('td0293',3,'Do an 112',23,40153),('td0294',2,'Hang hoa 85',30,33833),('td0295',2,'Hang hoa 86',4,39785),('td0296',1,'Dich vu 98',5,187532),('td0297',2,'Hang hoa 87',69,129125),('td0298',3,'Do an 113',45,177622),('td0299',2,'Hang hoa 88',5,29424),('td0300',3,'Do an 114',5,86533),('td0301',3,'Do an 115',94,122960),('td0302',3,'Do an 116',31,35040),('td0303',2,'Hang hoa 89',19,175539),('td0304',2,'Hang hoa 90',91,118281),('td0305',2,'Hang hoa 91',6,38349),('td0306',3,'Do an 117',95,121300),('td0307',1,'Dich vu 99',2,67527),('td0308',3,'Do an 118',7,31087),('td0309',3,'Do an 119',83,76854),('td0310',3,'Do an 120',83,46600),('td0311',2,'Hang hoa 92',57,30331),('td0312',2,'Hang hoa 93',81,101242),('td0313',2,'Hang hoa 94',63,26553),('td0314',2,'Hang hoa 95',40,159215),('td0315',2,'Hang hoa 96',97,175583),('td0316',2,'Hang hoa 97',78,41285),('td0317',1,'Dich vu 100',66,81829),('td0318',3,'Do an 121',49,120919),('td0319',1,'Dich vu 101',11,57218),('td0320',1,'Dich vu 102',85,190131),('td0321',1,'Dich vu 103',39,125955),('td0322',1,'Dich vu 104',29,174979),('td0323',2,'Hang hoa 98',85,109153),('td0324',2,'Hang hoa 99',21,66709),('td0325',1,'Dich vu 105',61,147547),('td0326',1,'Dich vu 106',86,38314),('td0327',1,'Dich vu 107',30,87455),('td0328',3,'Do an 122',48,37426),('td0329',3,'Do an 123',34,162248),('td0330',3,'Do an 124',8,112204),('td0331',1,'Dich vu 108',40,167103),('td0332',3,'Do an 125',76,16828),('td0333',2,'Hang hoa 100',43,108255),('td0334',3,'Do an 126',41,30233),('td0335',3,'Do an 127',35,95035),('td0336',3,'Do an 128',69,65724),('td0337',1,'Dich vu 109',11,173330),('td0338',3,'Do an 129',13,18298),('td0339',2,'Hang hoa 101',93,120264),('td0340',3,'Do an 130',13,54504),('td0341',3,'Do an 131',92,108668),('td0342',2,'Hang hoa 102',40,131912),('td0343',2,'Hang hoa 103',43,147189),('td0344',1,'Dich vu 110',52,79078),('td0345',2,'Hang hoa 104',87,110707),('td0346',1,'Dich vu 111',17,133403),('td0347',2,'Hang hoa 105',31,40771),('td0348',1,'Dich vu 112',58,118207),('td0349',1,'Dich vu 113',56,62095),('td0350',2,'Hang hoa 106',53,46844),('td0351',3,'Do an 132',27,163484),('td0352',3,'Do an 133',25,50415),('td0353',3,'Do an 134',8,178323),('td0354',3,'Do an 135',24,127655),('td0355',2,'Hang hoa 107',55,36854),('td0356',2,'Hang hoa 108',32,51440),('td0357',3,'Do an 136',31,166013),('td0358',1,'Dich vu 114',100,167910),('td0359',1,'Dich vu 115',10,96784),('td0360',2,'Hang hoa 109',92,33738),('td0361',3,'Do an 137',31,114964),('td0362',1,'Dich vu 116',27,199882),('td0363',3,'Do an 138',25,44820),('td0364',1,'Dich vu 117',91,60289),('td0365',2,'Hang hoa 110',1,177819),('td0366',1,'Dich vu 118',62,179027),('td0367',2,'Hang hoa 111',98,90041),('td0368',1,'Dich vu 119',14,59713),('td0369',3,'Do an 139',15,194177),('td0370',2,'Hang hoa 112',88,127103),('td0371',1,'Dich vu 120',95,17969),('td0372',3,'Do an 140',59,58080),('td0373',1,'Dich vu 121',36,146067),('td0374',1,'Dich vu 122',58,46613),('td0375',3,'Do an 141',9,184453),('td0376',1,'Dich vu 123',87,126107),('td0377',1,'Dich vu 124',43,193072),('td0378',2,'Hang hoa 113',42,152367),('td0379',2,'Hang hoa 114',63,30183),('td0380',2,'Hang hoa 115',83,99487),('td0381',2,'Hang hoa 116',18,64903),('td0382',1,'Dich vu 125',6,195072),('td0383',3,'Do an 142',87,95061),('td0384',1,'Dich vu 126',3,120683),('td0385',3,'Do an 143',82,60678),('td0386',3,'Do an 144',91,46740),('td0387',2,'Hang hoa 117',10,43137),('td0388',3,'Do an 145',91,27199),('td0389',2,'Hang hoa 118',74,156936),('td0390',1,'Dich vu 127',83,165528),('td0391',3,'Do an 146',75,67705),('td0392',3,'Do an 147',61,143319),('td0393',1,'Dich vu 128',55,29438),('td0394',3,'Do an 148',85,164604),('td0395',3,'Do an 149',62,46224),('td0396',3,'Do an 150',35,16452),('td0397',3,'Do an 151',46,130930),('td0398',3,'Do an 152',65,131613),('td0399',1,'Dich vu 129',94,97342),('td0400',2,'Hang hoa 119',86,135802),('td0401',1,'Dich vu 130',100,161439),('td0402',3,'Do an 153',77,50664),('td0403',3,'Do an 154',98,195207),('td0404',3,'Do an 155',48,84861),('td0405',1,'Dich vu 131',27,66967),('td0406',1,'Dich vu 132',100,126927),('td0407',3,'Do an 156',54,108178),('td0408',3,'Do an 157',87,11151),('td0409',3,'Do an 158',18,34239),('td0410',1,'Dich vu 133',56,114335),('td0411',3,'Do an 159',44,130511),('td0412',1,'Dich vu 134',53,30831),('td0413',1,'Dich vu 135',74,64092),('td0414',1,'Dich vu 136',92,157878),('td0415',1,'Dich vu 137',57,109494),('td0416',1,'Dich vu 138',34,38707),('td0417',2,'Hang hoa 120',57,138049),('td0418',2,'Hang hoa 121',92,108751),('td0419',2,'Hang hoa 122',19,82002),('td0420',3,'Do an 160',41,186305),('td0421',2,'Hang hoa 123',8,65140),('td0422',1,'Dich vu 139',39,42302),('td0423',3,'Do an 161',4,69800),('td0424',1,'Dich vu 140',23,167824),('td0425',3,'Do an 162',95,165165),('td0426',3,'Do an 163',50,127372),('td0427',3,'Do an 164',77,133579),('td0428',2,'Hang hoa 124',6,91106),('td0429',2,'Hang hoa 125',33,62252),('td0430',1,'Dich vu 141',87,146022),('td0431',2,'Hang hoa 126',32,22687),('td0432',1,'Dich vu 142',24,176450),('td0433',2,'Hang hoa 127',65,11151),('td0434',2,'Hang hoa 128',23,183006),('td0435',3,'Do an 165',43,149215),('td0436',1,'Dich vu 143',24,43644),('td0437',2,'Hang hoa 129',88,105828),('td0438',1,'Dich vu 144',99,156554),('td0439',1,'Dich vu 145',49,69836),('td0440',1,'Dich vu 146',19,160215),('td0441',1,'Dich vu 147',75,51147),('td0442',2,'Hang hoa 130',16,128459),('td0443',1,'Dich vu 148',58,122104),('td0444',3,'Do an 166',64,72178),('td0445',3,'Do an 167',30,91666),('td0446',1,'Dich vu 149',16,179769),('td0447',1,'Dich vu 150',50,180844),('td0448',3,'Do an 168',99,10299),('td0449',3,'Do an 169',40,141746),('td0450',1,'Dich vu 151',78,18292),('td0451',3,'Do an 170',57,44612),('td0452',2,'Hang hoa 131',33,17261),('td0453',3,'Do an 171',21,65541),('td0454',3,'Do an 172',97,118551),('td0455',2,'Hang hoa 132',32,149711),('td0456',2,'Hang hoa 133',18,145084),('td0457',2,'Hang hoa 134',3,151535),('td0458',1,'Dich vu 152',19,45389),('td0459',3,'Do an 173',50,62802),('td0460',2,'Hang hoa 135',5,130478),('td0461',3,'Do an 174',13,194661),('td0462',3,'Do an 175',1,180837),('td0463',2,'Hang hoa 136',85,42689),('td0464',3,'Do an 176',43,71001),('td0465',1,'Dich vu 153',30,24827),('td0466',2,'Hang hoa 137',50,81340),('td0467',1,'Dich vu 154',44,111578),('td0468',2,'Hang hoa 138',14,123343),('td0469',1,'Dich vu 155',20,83457),('td0470',2,'Hang hoa 139',53,72265),('td0471',1,'Dich vu 156',48,48328),('td0472',3,'Do an 177',87,129321),('td0473',2,'Hang hoa 140',95,169020),('td0474',2,'Hang hoa 141',61,170770),('td0475',3,'Do an 178',36,52225),('td0476',1,'Dich vu 157',79,96940),('td0477',2,'Hang hoa 142',64,54180),('td0478',2,'Hang hoa 143',94,90515),('td0479',3,'Do an 179',9,148059),('td0480',1,'Dich vu 158',49,167077),('td0481',1,'Dich vu 159',44,112555),('td0482',3,'Do an 180',96,172182),('td0483',3,'Do an 181',34,44482),('td0484',3,'Do an 182',94,138319),('td0485',1,'Dich vu 160',28,131144),('td0486',3,'Do an 183',43,143794),('td0487',1,'Dich vu 161',60,169444),('td0488',2,'Hang hoa 144',23,59114),('td0489',1,'Dich vu 162',41,128870),('td0490',3,'Do an 184',10,101668),('td0491',2,'Hang hoa 145',44,183629),('td0492',1,'Dich vu 163',76,166189),('td0493',1,'Dich vu 164',18,38019),('td0494',3,'Do an 185',90,37752),('td0495',2,'Hang hoa 146',63,20053),('td0496',1,'Dich vu 165',42,180199),('td0497',2,'Hang hoa 147',28,121436),('td0498',3,'Do an 186',64,125168),('td0499',3,'Do an 187',71,15652),('td0500',1,'Dich vu 166',93,91062),('td0501',1,'Dich vu 167',52,112545),('td0502',1,'Dich vu 168',73,29513),('td0503',2,'Hang hoa 148',58,16918),('td0504',1,'Dich vu 169',96,168842),('td0505',3,'Do an 188',52,22310),('td0506',3,'Do an 189',89,162254),('td0507',2,'Hang hoa 149',31,31901),('td0508',1,'Dich vu 170',39,177713),('td0509',2,'Hang hoa 150',53,197558),('td0510',3,'Do an 190',53,131573),('td0511',3,'Do an 191',86,197159),('td0512',1,'Dich vu 171',53,195316),('td0513',2,'Hang hoa 151',58,186548),('td0514',1,'Dich vu 172',68,35555),('td0515',2,'Hang hoa 152',45,117572),('td0516',3,'Do an 192',91,157410),('td0517',2,'Hang hoa 153',4,199276),('td0518',2,'Hang hoa 154',57,119800),('td0519',1,'Dich vu 173',40,104340),('td0520',1,'Dich vu 174',68,116403),('td0521',3,'Do an 193',1,57597),('td0522',2,'Hang hoa 155',52,168451),('td0523',1,'Dich vu 175',71,15013),('td0524',2,'Hang hoa 156',56,141710),('td0525',2,'Hang hoa 157',59,17568),('td0526',3,'Do an 194',93,90585),('td0527',3,'Do an 195',32,166044),('td0528',1,'Dich vu 176',26,182929),('td0529',1,'Dich vu 177',91,97807),('td0530',2,'Hang hoa 158',1,186374),('td0531',3,'Do an 196',43,83914),('td0532',3,'Do an 197',41,136448),('td0533',2,'Hang hoa 159',33,112085),('td0534',2,'Hang hoa 160',18,84121),('td0535',3,'Do an 198',49,198335),('td0536',1,'Dich vu 178',8,184470),('td0537',2,'Hang hoa 161',30,37075),('td0538',3,'Do an 199',56,169851),('td0539',1,'Dich vu 179',98,51708),('td0540',2,'Hang hoa 162',26,78605),('td0541',1,'Dich vu 180',58,123400),('td0542',1,'Dich vu 181',2,43387),('td0543',3,'Do an 200',89,162916),('td0544',1,'Dich vu 182',72,61333),('td0545',2,'Hang hoa 163',71,114881),('td0546',2,'Hang hoa 164',39,91687),('td0547',2,'Hang hoa 165',10,85167),('td0548',3,'Do an 201',60,57674),('td0549',3,'Do an 202',57,92744),('td0550',1,'Dich vu 183',43,81976),('td0551',3,'Do an 203',7,163893),('td0552',3,'Do an 204',73,84743),('td0553',1,'Dich vu 184',70,103081),('td0554',2,'Hang hoa 166',37,44341),('td0555',2,'Hang hoa 167',73,196884),('td0556',2,'Hang hoa 168',9,36548),('td0557',1,'Dich vu 185',95,97476),('td0558',3,'Do an 205',41,193141),('td0559',2,'Hang hoa 169',25,192283),('td0560',3,'Do an 206',7,160600),('td0561',1,'Dich vu 186',55,44988),('td0562',1,'Dich vu 187',58,198616),('td0563',1,'Dich vu 188',49,34251),('td0564',2,'Hang hoa 170',56,149875),('td0565',3,'Do an 207',15,165205),('td0566',1,'Dich vu 189',35,123425),('td0567',3,'Do an 208',30,92717),('td0568',3,'Do an 209',8,188898),('td0569',2,'Hang hoa 171',6,35561),('td0570',1,'Dich vu 190',33,128533),('td0571',1,'Dich vu 191',60,102787),('td0572',3,'Do an 210',41,90442),('td0573',1,'Dich vu 192',22,33993),('td0574',1,'Dich vu 193',74,150776),('td0575',3,'Do an 211',62,54052),('td0576',1,'Dich vu 194',92,191531),('td0577',3,'Do an 212',71,168438),('td0578',3,'Do an 213',79,96247),('td0579',3,'Do an 214',24,158998),('td0580',2,'Hang hoa 172',78,194460),('td0581',2,'Hang hoa 173',41,148713),('td0582',2,'Hang hoa 174',60,85385),('td0583',1,'Dich vu 195',6,147421),('td0584',1,'Dich vu 196',6,91203),('td0585',2,'Hang hoa 175',67,141679),('td0586',3,'Do an 215',65,35074),('td0587',2,'Hang hoa 176',13,170497),('td0588',3,'Do an 216',84,177342),('td0589',1,'Dich vu 197',98,134092),('td0590',3,'Do an 217',2,64504),('td0591',2,'Hang hoa 177',65,161513),('td0592',1,'Dich vu 198',30,190680),('td0593',2,'Hang hoa 178',85,182138),('td0594',2,'Hang hoa 179',70,181238),('td0595',2,'Hang hoa 180',48,125564),('td0596',3,'Do an 218',39,127985),('td0597',1,'Dich vu 199',68,180753),('td0598',2,'Hang hoa 181',26,162574),('td0599',2,'Hang hoa 182',17,104079),('td0600',2,'Hang hoa 183',26,33218),('td0601',1,'Dich vu 200',86,34529),('td0602',2,'Hang hoa 184',46,82974),('td0603',2,'Hang hoa 185',100,27781),('td0604',2,'Hang hoa 186',57,129742),('td0605',3,'Do an 219',6,113999),('td0606',2,'Hang hoa 187',3,133786),('td0607',2,'Hang hoa 188',8,109200),('td0608',1,'Dich vu 201',3,151371),('td0609',2,'Hang hoa 189',41,94335),('td0610',1,'Dich vu 202',57,35481),('td0611',1,'Dich vu 203',17,126990),('td0612',2,'Hang hoa 190',63,101843),('td0613',3,'Do an 220',70,168905),('td0614',2,'Hang hoa 191',72,120912),('td0615',1,'Dich vu 204',37,112636),('td0616',2,'Hang hoa 192',91,27367),('td0617',2,'Hang hoa 193',90,148497),('td0618',2,'Hang hoa 194',62,25962),('td0619',3,'Do an 221',42,68700),('td0620',1,'Dich vu 205',48,107587),('td0621',1,'Dich vu 206',52,24182),('td0622',1,'Dich vu 207',22,44663),('td0623',2,'Hang hoa 195',5,54813),('td0624',2,'Hang hoa 196',93,34534),('td0625',3,'Do an 222',26,133563),('td0626',3,'Do an 223',77,72833),('td0627',1,'Dich vu 208',18,114950),('td0628',2,'Hang hoa 197',91,163314),('td0629',3,'Do an 224',24,46435),('td0630',3,'Do an 225',48,169609),('td0631',2,'Hang hoa 198',84,122917),('td0632',1,'Dich vu 209',16,79025),('td0633',2,'Hang hoa 199',81,41171),('td0634',3,'Do an 226',77,29355),('td0635',1,'Dich vu 210',37,48758),('td0636',1,'Dich vu 211',16,131201),('td0637',1,'Dich vu 212',18,170965),('td0638',1,'Dich vu 213',90,117760),('td0639',2,'Hang hoa 200',69,116401),('td0640',1,'Dich vu 214',76,60656),('td0641',1,'Dich vu 215',19,15622),('td0642',2,'Hang hoa 201',33,95506),('td0643',1,'Dich vu 216',93,51444),('td0644',3,'Do an 227',4,88640),('td0645',2,'Hang hoa 202',4,46314),('td0646',1,'Dich vu 217',64,157423),('td0647',3,'Do an 228',47,174312),('td0648',1,'Dich vu 218',22,128421),('td0649',1,'Dich vu 219',46,12671),('td0650',2,'Hang hoa 203',27,69339),('td0651',1,'Dich vu 220',46,79664),('td0652',2,'Hang hoa 204',57,18393),('td0653',2,'Hang hoa 205',4,94492),('td0654',3,'Do an 229',57,141844),('td0655',3,'Do an 230',43,69367),('td0656',3,'Do an 231',62,167889),('td0657',3,'Do an 232',47,133341),('td0658',1,'Dich vu 221',56,195147),('td0659',3,'Do an 233',22,138394),('td0660',2,'Hang hoa 206',66,103662),('td0661',2,'Hang hoa 207',22,124073),('td0662',3,'Do an 234',100,189660),('td0663',3,'Do an 235',34,118613),('td0664',2,'Hang hoa 208',4,112916),('td0665',2,'Hang hoa 209',77,36340),('td0666',2,'Hang hoa 210',47,47415),('td0667',1,'Dich vu 222',43,153302),('td0668',3,'Do an 236',63,10744),('td0669',3,'Do an 237',100,147907),('td0670',3,'Do an 238',63,136466),('td0671',2,'Hang hoa 211',9,61099),('td0672',3,'Do an 239',84,177116),('td0673',2,'Hang hoa 212',28,15507),('td0674',2,'Hang hoa 213',79,174024),('td0675',2,'Hang hoa 214',89,125635),('td0676',1,'Dich vu 223',25,33456),('td0677',1,'Dich vu 224',41,78456),('td0678',3,'Do an 240',87,175044),('td0679',1,'Dich vu 225',13,24652),('td0680',1,'Dich vu 226',94,130815),('td0681',3,'Do an 241',34,94770),('td0682',2,'Hang hoa 215',81,92341),('td0683',1,'Dich vu 227',75,50568),('td0684',2,'Hang hoa 216',57,85489),('td0685',2,'Hang hoa 217',2,95744),('td0686',3,'Do an 242',98,115403),('td0687',3,'Do an 243',6,40927),('td0688',3,'Do an 244',75,166538),('td0689',3,'Do an 245',1,118003),('td0690',2,'Hang hoa 218',13,118546),('td0691',1,'Dich vu 228',87,14461),('td0692',1,'Dich vu 229',39,107626),('td0693',2,'Hang hoa 219',47,74097),('td0694',1,'Dich vu 230',100,175440),('td0695',3,'Do an 246',9,158128),('td0696',3,'Do an 247',33,99897),('td0697',1,'Dich vu 231',70,191326),('td0698',3,'Do an 248',91,40513),('td0699',1,'Dich vu 232',100,110192),('td0700',3,'Do an 249',41,151046),('td0701',1,'Dich vu 233',96,74135),('td0702',1,'Dich vu 234',85,124435),('td0703',2,'Hang hoa 220',50,37810),('td0704',1,'Dich vu 235',21,161443),('td0705',1,'Dich vu 236',4,36260),('td0706',2,'Hang hoa 221',28,190929),('td0707',3,'Do an 250',12,98138),('td0708',1,'Dich vu 237',77,181749),('td0709',1,'Dich vu 238',65,191905),('td0710',1,'Dich vu 239',90,95847),('td0711',1,'Dich vu 240',15,144636),('td0712',2,'Hang hoa 222',64,11548),('td0713',1,'Dich vu 241',28,104684),('td0714',2,'Hang hoa 223',72,42221),('td0715',1,'Dich vu 242',51,63126),('td0716',3,'Do an 251',36,110119),('td0717',1,'Dich vu 243',55,124340),('td0718',1,'Dich vu 244',73,117040),('td0719',1,'Dich vu 245',11,44833),('td0720',2,'Hang hoa 224',63,113098),('td0721',1,'Dich vu 246',21,98798),('td0722',2,'Hang hoa 225',85,59983),('td0723',3,'Do an 252',31,40633),('td0724',1,'Dich vu 247',19,199472),('td0725',3,'Do an 253',86,117555),('td0726',2,'Hang hoa 226',74,113601),('td0727',3,'Do an 254',91,159814),('td0728',3,'Do an 255',71,127012),('td0729',3,'Do an 256',22,26207),('td0730',2,'Hang hoa 227',79,122276),('td0731',2,'Hang hoa 228',50,122684),('td0732',2,'Hang hoa 229',18,65039),('td0733',2,'Hang hoa 230',22,64676),('td0734',3,'Do an 257',53,47568),('td0735',2,'Hang hoa 231',52,120027),('td0736',1,'Dich vu 248',66,180591),('td0737',3,'Do an 258',2,151703),('td0738',2,'Hang hoa 232',22,56620),('td0739',3,'Do an 259',78,11610),('td0740',2,'Hang hoa 233',44,94765),('td0741',2,'Hang hoa 234',10,20739),('td0742',1,'Dich vu 249',83,98702),('td0743',1,'Dich vu 250',83,150970),('td0744',2,'Hang hoa 235',100,18506),('td0745',1,'Dich vu 251',64,195177),('td0746',1,'Dich vu 252',46,174926),('td0747',3,'Do an 260',73,144285),('td0748',1,'Dich vu 253',77,89787),('td0749',2,'Hang hoa 236',14,116514),('td0750',1,'Dich vu 254',13,22652),('td0751',3,'Do an 261',39,155439),('td0752',3,'Do an 262',43,102192),('td0753',2,'Hang hoa 237',77,106162),('td0754',2,'Hang hoa 238',27,118561),('td0755',2,'Hang hoa 239',49,81093),('td0756',3,'Do an 263',27,188890),('td0757',3,'Do an 264',31,30346),('td0758',2,'Hang hoa 240',38,175937),('td0759',1,'Dich vu 255',13,13258),('td0760',2,'Hang hoa 241',44,99675),('td0761',1,'Dich vu 256',81,23251),('td0762',3,'Do an 265',40,61787),('td0763',2,'Hang hoa 242',36,180876),('td0764',2,'Hang hoa 243',98,127018),('td0765',2,'Hang hoa 244',42,43988),('td0766',3,'Do an 266',93,46345),('td0767',3,'Do an 267',59,128543),('td0768',3,'Do an 268',91,117807),('td0769',3,'Do an 269',23,103551),('td0770',1,'Dich vu 257',3,194833),('td0771',3,'Do an 270',88,30269),('td0772',1,'Dich vu 258',17,11308),('td0773',3,'Do an 271',18,39315),('td0774',1,'Dich vu 259',18,111255),('td0775',1,'Dich vu 260',5,75317),('td0776',1,'Dich vu 261',36,168630),('td0777',2,'Hang hoa 245',40,182195),('td0778',2,'Hang hoa 246',53,96067),('td0779',1,'Dich vu 262',33,10205),('td0780',1,'Dich vu 263',95,182344),('td0781',3,'Do an 272',32,16027),('td0782',3,'Do an 273',30,175099),('td0783',3,'Do an 274',92,175958),('td0784',3,'Do an 275',55,154865),('td0785',3,'Do an 276',33,197974),('td0786',1,'Dich vu 264',16,146821),('td0787',3,'Do an 277',56,106348),('td0788',1,'Dich vu 265',17,99968),('td0789',2,'Hang hoa 247',23,93107),('td0790',2,'Hang hoa 248',10,57828),('td0791',2,'Hang hoa 249',96,99225),('td0792',1,'Dich vu 266',81,118215),('td0793',3,'Do an 278',100,149643),('td0794',3,'Do an 279',56,136912),('td0795',3,'Do an 280',57,58083),('td0796',1,'Dich vu 267',21,76410),('td0797',1,'Dich vu 268',37,104193),('td0798',2,'Hang hoa 250',16,91326),('td0799',3,'Do an 281',35,41112),('td0800',3,'Do an 282',45,175591),('td0801',1,'Dich vu 269',65,118343),('td0802',3,'Do an 283',65,166450),('td0803',2,'Hang hoa 251',88,79845),('td0804',3,'Do an 284',98,187555),('td0805',2,'Hang hoa 252',91,182720),('td0806',3,'Do an 285',3,155154),('td0807',2,'Hang hoa 253',76,173584),('td0808',2,'Hang hoa 254',91,11634),('td0809',3,'Do an 286',17,25123),('td0810',1,'Dich vu 270',44,38571),('td0811',2,'Hang hoa 255',26,75302),('td0812',1,'Dich vu 271',55,128486),('td0813',1,'Dich vu 272',35,166364),('td0814',2,'Hang hoa 256',40,107044),('td0815',2,'Hang hoa 257',13,20135),('td0816',1,'Dich vu 273',32,86848),('td0817',1,'Dich vu 274',78,69157),('td0818',1,'Dich vu 275',11,47174),('td0819',2,'Hang hoa 258',98,196086),('td0820',1,'Dich vu 276',69,82325),('td0821',2,'Hang hoa 259',75,66792),('td0822',1,'Dich vu 277',13,90014),('td0823',1,'Dich vu 278',90,82951),('td0824',3,'Do an 287',80,57896),('td0825',1,'Dich vu 279',64,198514),('td0826',2,'Hang hoa 260',12,57159),('td0827',2,'Hang hoa 261',24,84169),('td0828',3,'Do an 288',83,120561),('td0829',1,'Dich vu 280',71,88516),('td0830',2,'Hang hoa 262',94,169714),('td0831',3,'Do an 289',10,39174),('td0832',1,'Dich vu 281',76,166278),('td0833',2,'Hang hoa 263',65,59376),('td0834',2,'Hang hoa 264',12,85123),('td0835',3,'Do an 290',66,113620),('td0836',3,'Do an 291',41,68799),('td0837',2,'Hang hoa 265',36,39955),('td0838',1,'Dich vu 282',28,13774),('td0839',3,'Do an 292',84,51343),('td0840',3,'Do an 293',17,153667),('td0841',1,'Dich vu 283',77,197031),('td0842',2,'Hang hoa 266',31,14916),('td0843',1,'Dich vu 284',14,36759),('td0844',1,'Dich vu 285',43,77045),('td0845',3,'Do an 294',48,157324),('td0846',3,'Do an 295',17,190568),('td0847',1,'Dich vu 286',12,122380),('td0848',3,'Do an 296',54,140803),('td0849',2,'Hang hoa 267',81,32365),('td0850',3,'Do an 297',46,168043),('td0851',2,'Hang hoa 268',99,95330),('td0852',2,'Hang hoa 269',47,177199),('td0853',1,'Dich vu 287',78,52329),('td0854',3,'Do an 298',33,23042),('td0855',1,'Dich vu 288',37,58590),('td0856',1,'Dich vu 289',17,105062),('td0857',2,'Hang hoa 270',13,40505),('td0858',2,'Hang hoa 271',66,16300),('td0859',3,'Do an 299',98,98486),('td0860',1,'Dich vu 290',15,184719),('td0861',1,'Dich vu 291',97,15731),('td0862',1,'Dich vu 292',30,111485),('td0863',2,'Hang hoa 272',16,168971),('td0864',2,'Hang hoa 273',53,128635),('td0865',1,'Dich vu 293',41,73683),('td0866',1,'Dich vu 294',50,46334),('td0867',3,'Do an 300',29,126154),('td0868',2,'Hang hoa 274',64,35606),('td0869',1,'Dich vu 295',52,106102),('td0870',3,'Do an 301',83,126893),('td0871',2,'Hang hoa 275',18,167193),('td0872',3,'Do an 302',20,67078),('td0873',2,'Hang hoa 276',13,29436),('td0874',1,'Dich vu 296',74,49746),('td0875',1,'Dich vu 297',20,190014),('td0876',2,'Hang hoa 277',31,64290),('td0877',3,'Do an 303',24,119460),('td0878',1,'Dich vu 298',20,127502),('td0879',3,'Do an 304',33,90290),('td0880',3,'Do an 305',31,133561),('td0881',1,'Dich vu 299',78,14971),('td0882',2,'Hang hoa 278',100,165461),('td0883',1,'Dich vu 300',28,90022),('td0884',3,'Do an 306',87,165258),('td0885',2,'Hang hoa 279',80,121855),('td0886',1,'Dich vu 301',73,185276),('td0887',2,'Hang hoa 280',78,107817),('td0888',2,'Hang hoa 281',96,39060),('td0889',1,'Dich vu 302',1,195975),('td0890',2,'Hang hoa 282',39,122128),('td0891',1,'Dich vu 303',88,112286),('td0892',2,'Hang hoa 283',34,180060),('td0893',1,'Dich vu 304',42,194004),('td0894',3,'Do an 307',63,25112),('td0895',3,'Do an 308',14,10438),('td0896',1,'Dich vu 305',49,188654),('td0897',1,'Dich vu 306',49,197282),('td0898',3,'Do an 309',37,33184),('td0899',1,'Dich vu 307',23,60596),('td0900',1,'Dich vu 308',79,142666),('td0901',2,'Hang hoa 284',94,63900),('td0902',1,'Dich vu 309',76,16588),('td0903',2,'Hang hoa 285',95,191291),('td0904',3,'Do an 310',45,153748),('td0905',3,'Do an 311',73,173273),('td0906',1,'Dich vu 310',76,123848),('td0907',3,'Do an 312',43,54892),('td0908',2,'Hang hoa 286',41,181053),('td0909',1,'Dich vu 311',32,49502),('td0910',1,'Dich vu 312',11,109817),('td0911',3,'Do an 313',81,190183),('td0912',2,'Hang hoa 287',33,117108),('td0913',2,'Hang hoa 288',18,127221),('td0914',3,'Do an 314',10,156877),('td0915',2,'Hang hoa 289',66,129107),('td0916',1,'Dich vu 313',33,74817),('td0917',3,'Do an 315',32,178387),('td0918',1,'Dich vu 314',30,64771),('td0919',1,'Dich vu 315',24,74137),('td0920',2,'Hang hoa 290',39,25503),('td0921',3,'Do an 316',53,185951),('td0922',1,'Dich vu 316',70,15579),('td0923',1,'Dich vu 317',57,53802),('td0924',2,'Hang hoa 291',56,20662),('td0925',1,'Dich vu 318',11,139275),('td0926',3,'Do an 317',39,75230),('td0927',2,'Hang hoa 292',31,176863),('td0928',2,'Hang hoa 293',47,69463),('td0929',1,'Dich vu 319',30,191489),('td0930',3,'Do an 318',48,27658),('td0931',2,'Hang hoa 294',18,161044),('td0932',2,'Hang hoa 295',98,12569),('td0933',1,'Dich vu 320',51,80277),('td0934',3,'Do an 319',71,129410),('td0935',1,'Dich vu 321',46,181968),('td0936',2,'Hang hoa 296',31,185486),('td0937',2,'Hang hoa 297',50,14342),('td0938',1,'Dich vu 322',82,64643),('td0939',3,'Do an 320',24,63358),('td0940',3,'Do an 321',1,58131),('td0941',1,'Dich vu 323',34,13841),('td0942',3,'Do an 322',37,26977),('td0943',1,'Dich vu 324',52,139937),('td0944',3,'Do an 323',70,156202),('td0945',1,'Dich vu 325',46,138733),('td0946',3,'Do an 324',18,91013),('td0947',3,'Do an 325',74,175424),('td0948',1,'Dich vu 326',9,43171),('td0949',3,'Do an 326',28,101873),('td0950',1,'Dich vu 327',38,168198),('td0951',2,'Hang hoa 298',45,169100),('td0952',1,'Dich vu 328',25,134190),('td0953',1,'Dich vu 329',43,123156),('td0954',1,'Dich vu 330',84,168836),('td0955',1,'Dich vu 331',81,54903),('td0956',1,'Dich vu 332',21,192998),('td0957',1,'Dich vu 333',69,178285),('td0958',3,'Do an 327',38,198423),('td0959',2,'Hang hoa 299',63,47395),('td0960',1,'Dich vu 334',100,55976),('td0961',2,'Hang hoa 300',36,133033),('td0962',1,'Dich vu 335',45,47387),('td0963',3,'Do an 328',82,150314),('td0964',2,'Hang hoa 301',72,27921),('td0965',1,'Dich vu 336',34,155653),('td0966',3,'Do an 329',99,139290),('td0967',3,'Do an 330',48,155275),('td0968',2,'Hang hoa 302',68,195489),('td0969',3,'Do an 331',30,81919),('td0970',2,'Hang hoa 303',74,32589),('td0971',1,'Dich vu 337',14,143901),('td0972',2,'Hang hoa 304',87,53341),('td0973',1,'Dich vu 338',42,65057),('td0974',1,'Dich vu 339',100,145810),('td0975',2,'Hang hoa 305',22,50301),('td0976',1,'Dich vu 340',69,108162),('td0977',2,'Hang hoa 306',23,73004),('td0978',3,'Do an 332',10,150044),('td0979',2,'Hang hoa 307',9,47448),('td0980',3,'Do an 333',49,62786),('td0981',2,'Hang hoa 308',63,60086),('td0982',1,'Dich vu 341',62,183146),('td0983',1,'Dich vu 342',31,79121),('td0984',3,'Do an 334',22,123517),('td0985',1,'Dich vu 343',64,144022),('td0986',2,'Hang hoa 309',8,192041),('td0987',3,'Do an 335',95,104466),('td0988',2,'Hang hoa 310',93,172079),('td0989',2,'Hang hoa 311',21,20270),('td0990',2,'Hang hoa 312',4,125018),('td0991',1,'Dich vu 344',53,117347),('td0992',1,'Dich vu 345',33,21047),('td0993',2,'Hang hoa 313',28,45750),('td0994',2,'Hang hoa 314',69,159022),('td0995',2,'Hang hoa 315',9,114894),('td0996',2,'Hang hoa 316',52,125538),('td0997',3,'Do an 336',23,67040),('td0998',2,'Hang hoa 317',57,163545),('td0999',1,'Dich vu 346',91,170683);
/*!40000 ALTER TABLE `tieudung` ENABLE KEYS */;
UNLOCK TABLES;
/*!40103 SET TIME_ZONE=@OLD_TIME_ZONE */;

/*!40101 SET SQL_MODE=@OLD_SQL_MODE */;
/*!40014 SET FOREIGN_KEY_CHECKS=@OLD_FOREIGN_KEY_CHECKS */;
/*!40014 SET UNIQUE_CHECKS=@OLD_UNIQUE_CHECKS */;
/*!40101 SET CHARACTER_SET_CLIENT=@OLD_CHARACTER_SET_CLIENT */;
/*!40101 SET CHARACTER_SET_RESULTS=@OLD_CHARACTER_SET_RESULTS */;
/*!40101 SET COLLATION_CONNECTION=@OLD_COLLATION_CONNECTION */;
/*!40111 SET SQL_NOTES=@OLD_SQL_NOTES */;

-- Dump completed on 2021-06-30 13:38:35
